X ; C1 ; C2 ; C3 ; C4 ; C5 ; C6 ; C7 ; C8 ; C9
page web bn:00080778n ; 0 ; 0 ; 0.0625 ; 0 ; 0.0601504 ; 0.064 ; 0 ; 0.0842105 ; 0
page web statiques bn:03576307n ; 0.0103093 ; 0 ; 0 ; 0 ; 0 ; 0 ; 0 ; 0 ; 0
navigateur bn:00013447n ; 0 ; 0.371859 ; 0.371287 ; 0.323077 ; 0.355769 ; 0.356436 ; 0.337079 ; 0.291005 ; 0.40099
serveur web bn:02705179n ; 0 ; 0.175676 ; 0.186667 ; 0.195489 ; 0.180645 ; 0.206897 ; 0 ; 0 ; 0.187097
fichier bn:00021475n ; 0 ; 0 ; 0 ; 0 ; 0.0310078 ; 0 ; 0.0470588 ; 0.043956 ; 0
disque dur bn:00073359n ; 0.04 ; 0 ; 0 ; 0 ; 0 ; 0.0330579 ; 0.0470588 ; 0 ; 0
client serveur bn:03496583n ; 0.0769231 ; 0 ; 0 ; 0 ; 0.0601504 ; 0.064 ; 0 ; 0 ; 0.0597015
base de donnée bn:00025333n ; 0.04 ; 0 ; 0 ; 0 ; 0 ; 0 ; 0 ; 0.043956 ; 0.0307692
donnée bn:00025314n ; 0.0103093 ; 0 ; 0 ; 0 ; 0 ; 0 ; 0 ; 0 ; 0
ensemble bn:00114766r ; 0.0103093 ; 0 ; 0 ; 0 ; 0 ; 0 ; 0 ; 0 ; 0
php bn:01753580n ; 0.0204082 ; 0 ; 0 ; 0 ; 0 ; 0 ; 0.0240964 ; 0 ; 0
javascript bn:00055423n ; 0.318182 ; 0.259887 ; 0.282486 ; 0.283951 ; 0.303371 ; 0.333333 ; 0 ; 0 ; 0.28022
perl bn:01723165n ; 0.133929 ; 0 ; 0.110294 ; 0.128205 ; 0.114286 ; 0 ; 0 ; 0 ; 0.105634
python bn:01713224n ; 0.0769231 ; 0 ; 0.0625 ; 0 ; 0.0601504 ; 0.064 ; 0 ; 0 ; 0
java bn:00048043n ; 0.1875 ; 0.194444 ; 0.189189 ; 0 ; 0.183007 ; 0.193103 ; 0.212389 ; 0 ; 0
code bn:00020354n ; 0.107143 ; 0.107692 ; 0.104478 ; 0 ; 0.100719 ; 0 ; 0.123711 ; 0 ; 0
code source bn:00072947n ; 0.04 ; 0 ; 0 ; 0 ; 0.0310078 ; 0.0330579 ; 0 ; 0 ; 0
fichier texte bn:00028018n ; 0.255034 ; 0.262195 ; 0.271084 ; 0.22293 ; 0.263158 ; 0.276074 ; 0.255474 ; 0 ; 0
texte bn:00076732n ; 0 ; 0.0645161 ; 0.0625 ; 0.0733945 ; 0 ; 0 ; 0 ; 0 ; 0.0597015
mise en forme bn:01681906n ; 0.0204082 ; 0 ; 0 ; 0.0194175 ; 0 ; 0 ; 0 ; 0 ; 0
concerner bn:00083240v ; 0 ; 0 ; 0.104478 ; 0.102564 ; 0.100719 ; 0.10687 ; 0.123711 ; 0 ; 0
commentaire bn:00020978n ; 0.214286 ; 0 ; 0.18 ; 0.19697 ; 0.181818 ; 0 ; 0 ; 0.220339 ; 0.188312
affichage bn:00010421n ; 0.323232 ; 0.368932 ; 0.38835 ; 0.328358 ; 0.419512 ; 0.422111 ; 0.31383 ; 0 ; 0.345622
gras bn:00011848n ; 0.04 ; 0 ; 0.0322581 ; 0.0380952 ; 0 ; 0 ; 0 ; 0 ; 0
fois bn:00032768n ; 0.25641 ; 0.285714 ; 0.28655 ; 0 ; 0.300578 ; 0.299401 ; 0.274648 ; 0 ; 0.241758
chemin bn:03131414n ; 0.0769231 ; 0 ; 0 ; 0 ; 0.0601504 ; 0.064 ; 0 ; 0 ; 0.0597015
lien hypertextes bn:00045513n ; 0.287671 ; 0.223529 ; 0 ; 0.269737 ; 0.24 ; 0.259036 ; 0 ; 0.243056 ; 0.289941
url bn:00079080n ; 0.133929 ; 0 ; 0.110294 ; 0.128205 ; 0.114286 ; 0 ; 0 ; 0 ; 0.105634
textuels bn:00111786a ; 0.0103093 ; 0 ; 0 ; 0 ; 0 ; 0 ; 0 ; 0 ; 0
case à cocher bn:03157691n ; 0.0769231 ; 0 ; 0 ; 0.0733945 ; 0 ; 0.064 ; 0 ; 0 ; 0.0597015
page web dynamique bn:00937946n ; 0.0204082 ; 0 ; 0 ; 0 ; 0 ; 0.0168067 ; 0 ; 0 ; 0
post bn:01500184n ; 0.04 ; 0 ; 0 ; 0.0380952 ; 0 ; 0 ; 0.0470588 ; 0 ; 0
champ de saisie bn:03113401n ; 0.142857 ; 0.121212 ; 0 ; 0.136752 ; 0 ; 0 ; 0 ; 0.15534 ; 0.112676
size bn:03645138n ; 0.0769231 ; 0 ; 0.0625 ; 0 ; 0.0601504 ; 0 ; 0 ; 0.0842105 ; 0
vide bn:00087578v ; 0.0103093 ; 0 ; 0 ; 0 ; 0 ; 0 ; 0 ; 0 ; 0
liste déroulante bn:00028831n ; 0.04 ; 0 ; 0 ; 0.0380952 ; 0 ; 0.0330579 ; 0 ; 0 ; 0
sélectionner bn:00084931v ; 0.0204082 ; 0 ; 0 ; 0 ; 0 ; 0.0168067 ; 0 ; 0 ; 0
déclencher bn:00082306v ; 0.0204082 ; 0 ; 0.0163934 ; 0 ; 0 ; 0 ; 0 ; 0 ; 0
réinitialisation bn:00067306n ; 0.0204082 ; 0.0169492 ; 0 ; 0 ; 0 ; 0 ; 0 ; 0 ; 0
langage bn:00049910n ; 0.388601 ; 0.321101 ; 0.377358 ; 0.365 ; 0.394366 ; 0.389423 ; 0 ; 0.335052 ; 0.425837
langage impératif bn:01246770n ; 0.0103093 ; 0 ; 0 ; 0 ; 0 ; 0 ; 0 ; 0 ; 0
impératif bn:00104644a ; 0.0204082 ; 0 ; 0 ; 0 ; 0 ; 0.0168067 ; 0 ; 0 ; 0
utilisateur bn:00079373n ; 0 ; 0 ; 0.117647 ; 0.136752 ; 0.113475 ; 0.120301 ; 0 ; 0 ; 0.112676
affectation bn:02806034n ; 0.107143 ; 0.107692 ; 0.104478 ; 0 ; 0 ; 0.10687 ; 0.123711 ; 0 ; 0
booléen bn:00294693n ; 0.184 ; 0.2 ; 0.178082 ; 0.195312 ; 0 ; 0 ; 0.176991 ; 0.208696 ; 0
réalité bn:00066414n ; 0.0204082 ; 0 ; 0 ; 0 ; 0 ; 0.0168067 ; 0 ; 0 ; 0
concatène bn:00085508v ; 0.0103093 ; 0 ; 0 ; 0 ; 0 ; 0 ; 0 ; 0 ; 0
addition bn:00001296n ; 0.0769231 ; 0 ; 0.0625 ; 0 ; 0 ; 0.064 ; 0 ; 0 ; 0.0597015
soustraction bn:00055233n ; 0.04 ; 0 ; 0 ; 0 ; 0 ; 0.0330579 ; 0 ; 0 ; 0.0307692
multiplié bn:00090977v ; 0.0103093 ; 0 ; 0 ; 0 ; 0 ; 0 ; 0 ; 0 ; 0
modulo bn:00553864n ; 0.04 ; 0 ; 0.0322581 ; 0 ; 0 ; 0 ; 0 ; 0 ; 0.0307692
égalité bn:00031284n ; 0.04 ; 0 ; 0 ; 0.0380952 ; 0.0310078 ; 0 ; 0 ; 0 ; 0
logiques bn:00051845n ; 0.305263 ; 0.346734 ; 0.36 ; 0 ; 0.378109 ; 0.358586 ; 0.294444 ; 0.278075 ; 0.349515
syntaxe bn:00062118n ; 0.226562 ; 0 ; 0.190789 ; 0.218045 ; 0.207792 ; 0.202703 ; 0 ; 0 ; 0.191083
case bn:04777941n ; 0.133929 ; 0.113636 ; 0.110294 ; 0 ; 0 ; 0.121212 ; 0 ; 0 ; 0.105634
associer bn:00082868v ; 0 ; 0 ; 0.0625 ; 0 ; 0.0601504 ; 0.064 ; 0 ; 0 ; 0.0597015
prenom bn:15996005n ; 0.170732 ; 0 ; 0 ; 0 ; 0.168919 ; 0.145833 ; 0.172727 ; 0.163793 ; 0.152318
structure de contrôle bn:00047734n ; 0.226562 ; 0.195946 ; 0.198675 ; 0 ; 0.192308 ; 0.219178 ; 0 ; 0 ; 0.183544
définition bn:00025928n ; 0.226562 ; 0 ; 0.190789 ; 0.218045 ; 0.207792 ; 0.202703 ; 0 ; 0 ; 0.191083
initialiser bn:00089742v ; 0.1875 ; 0.194444 ; 0.189189 ; 0 ; 0.183007 ; 0.193103 ; 0.212389 ; 0 ; 0
dépendre bn:00086606v ; 0.04 ; 0 ; 0.0322581 ; 0 ; 0 ; 0.0330579 ; 0 ; 0 ; 0
méthode post bn:00045088n ; 0.0103093 ; 0 ; 0 ; 0 ; 0 ; 0 ; 0 ; 0 ; 0
fermeture bn:16858148n ; 0.294118 ; 0 ; 0.275862 ; 0.28481 ; 0.312139 ; 0.258621 ; 0 ; 0.277027 ; 0.310345
passwd bn:14874750n ; 0.0204082 ; 0 ; 0 ; 0 ; 0.015748 ; 0 ; 0 ; 0 ; 0
mysql bn:01225760n ; 0 ; 0 ; 0 ; 0 ; 0 ; 0 ; 0 ; 0 ; 0.00787402
phase bn:00061898n ; 0.04 ; 0 ; 0 ; 0 ; 0.0310078 ; 0.0330579 ; 0 ; 0 ; 0
être utile bn:00085368v ; 0.04 ; 0 ; 0.0322581 ; 0 ; 0 ; 0.0330579 ; 0 ; 0 ; 0
boucle while bn:03237310n ; 0.04 ; 0 ; 0 ; 0 ; 0 ; 0 ; 0 ; 0.043956 ; 0.0307692
euro bn:00031888n ; 0.0204082 ; 0 ; 0 ; 0 ; 0 ; 0.0168067 ; 0 ; 0 ; 0
etc bn:00114282r ; 0.142857 ; 0 ; 0.117647 ; 0 ; 0.113475 ; 0.120301 ; 0 ; 0 ; 0.112676
programmation bn:00021493n ; 0.214286 ; 0.168919 ; 0 ; 0.19697 ; 0.174194 ; 0.208333 ; 0 ; 0 ; 0.180645
site bn:00047172n ; 0 ; 0 ; 0 ; 0.0380952 ; 0 ; 0.0330579 ; 0 ; 0 ; 0.0307692
détruire bn:00084204v ; 0.04 ; 0 ; 0 ; 0 ; 0 ; 0 ; 0.0470588 ; 0 ; 0.0307692
second bn:00105773a ; 0.04 ; 0 ; 0.0322581 ; 0 ; 0 ; 0 ; 0 ; 0 ; 0.0307692
ordinateur bn:00021464n ; 0.04 ; 0 ; 0 ; 0 ; 0 ; 0.0330579 ; 0 ; 0 ; 0.0307692
université de rouen bn:00601230n ; 0 ; 0.00854701 ; 0 ; 0 ; 0 ; 0 ; 0 ; 0 ; 0
langage de programmation bn:00064652n ; 0 ; 0.0984848 ; 0.103704 ; 0.111111 ; 0.1 ; 0.114504 ; 0 ; 0 ; 0
évolué bn:00084199v ; 0 ; 0.00854701 ; 0 ; 0 ; 0 ; 0 ; 0 ; 0 ; 0
crée bn:00086008v ; 0 ; 0.0169492 ; 0 ; 0 ; 0 ; 0.0168067 ; 0 ; 0 ; 0
langage de script bn:01431715n ; 0 ; 0 ; 0.0163934 ; 0 ; 0 ; 0 ; 0.0240964 ; 0 ; 0
côté serveur bn:03816678n ; 0 ; 0 ; 0.0625 ; 0 ; 0.0601504 ; 0.064 ; 0 ; 0 ; 0.0597015
serveur bn:00044916n ; 0 ; 0 ; 0.111111 ; 0.119658 ; 0.0992908 ; 0 ; 0 ; 0.135922 ; 0.114286
manuel bn:00099315a ; 0 ; 0.00854701 ; 0 ; 0 ; 0 ; 0 ; 0 ; 0 ; 0
français bn:00103321a ; 0 ; 0.00854701 ; 0 ; 0 ; 0 ; 0 ; 0 ; 0 ; 0
attention bn:00007020n ; 0 ; 0.0333333 ; 0.0322581 ; 0 ; 0.0310078 ; 0 ; 0 ; 0 ; 0
faute de frappe bn:00031482n ; 0 ; 0.00854701 ; 0 ; 0 ; 0 ; 0 ; 0 ; 0 ; 0
entiers bn:00047009n ; 0 ; 0.121212 ; 0.117647 ; 0 ; 0.113475 ; 0 ; 0.164948 ; 0 ; 0.112676
3.14 bn:00062194n ; 0 ; 0.0169492 ; 0 ; 0 ; 0.015748 ; 0 ; 0 ; 0 ; 0
printf bn:03243783n ; 0 ; 0.0333333 ; 0 ; 0 ; 0.0310078 ; 0 ; 0 ; 0 ; 0.0307692
comparaison bn:00021304n ; 0 ; 0.0645161 ; 0.0625 ; 0 ; 0 ; 0 ; 0 ; 0.0842105 ; 0.0597015
switch bn:01071927n ; 0 ; 0.225352 ; 0.186667 ; 0.21374 ; 0 ; 0 ; 0.230088 ; 0.218487 ; 0.187097
expr bn:03120209n ; 0 ; 0.00854701 ; 0 ; 0 ; 0 ; 0 ; 0 ; 0 ; 0
spécifique bn:00111003a ; 0 ; 0.00854701 ; 0 ; 0 ; 0 ; 0 ; 0 ; 0 ; 0
foreach bn:03463379n ; 0 ; 0.282353 ; 0.290698 ; 0.26087 ; 0.297143 ; 0.295858 ; 0.316547 ; 0 ; 0.273743
inverse bn:00056301n ; 0 ; 0.00854701 ; 0 ; 0 ; 0 ; 0 ; 0 ; 0 ; 0
trie bn:02479296n ; 0 ; 0.00854701 ; 0 ; 0 ; 0 ; 0 ; 0 ; 0 ; 0
concaténation bn:03489514n ; 0 ; 0.0645161 ; 0 ; 0 ; 0.0601504 ; 0.064 ; 0 ; 0 ; 0.0597015
accès bn:00000759n ; 0 ; 0.00854701 ; 0 ; 0 ; 0 ; 0 ; 0 ; 0 ; 0
strcmp bn:13958358n ; 0 ; 0.0169492 ; 0.0163934 ; 0 ; 0 ; 0 ; 0 ; 0 ; 0
trim bn:00074703n ; 0 ; 0.121212 ; 0.117647 ; 0 ; 0.113475 ; 0.120301 ; 0 ; 0 ; 0.112676
occurence bn:00047732n ; 0 ; 0.00854701 ; 0 ; 0 ; 0 ; 0 ; 0 ; 0 ; 0
décompte bn:00086432v ; 0 ; 0.0333333 ; 0.0322581 ; 0 ; 0 ; 0.0330579 ; 0 ; 0 ; 0
valeur de retour bn:03828774n ; 0 ; 0.0645161 ; 0.0625 ; 0 ; 0 ; 0.064 ; 0 ; 0 ; 0.0597015
passage par référence bn:14985956n ; 0 ; 0.0169492 ; 0 ; 0.0194175 ; 0 ; 0 ; 0 ; 0 ; 0
traiter bn:00092034v ; 0 ; 0.00854701 ; 0 ; 0 ; 0 ; 0 ; 0 ; 0 ; 0
méthode bn:01641329n ; 0 ; 0.2375 ; 0 ; 0.22 ; 0.224852 ; 0.236025 ; 0.244275 ; 0.215827 ; 0.253012
navigation bn:00057073n ; 0 ; 0.0169492 ; 0 ; 0.0194175 ; 0 ; 0 ; 0 ; 0 ; 0
rouen bn:03268781n ; 0 ; 0.00854701 ; 0 ; 0 ; 0 ; 0 ; 0 ; 0 ; 0
code postal bn:00063770n ; 0 ; 0.0169492 ; 0 ; 0 ; 0 ; 0.0168067 ; 0 ; 0 ; 0
cle bn:04756252n ; 0 ; 0.0645161 ; 0.0625 ; 0.0733945 ; 0 ; 0 ; 0 ; 0 ; 0.0597015
mot bn:00081546n ; 0 ; 0.0984848 ; 0.103704 ; 0.111111 ; 0.1 ; 0.114504 ; 0 ; 0 ; 0
mot de passe bn:00023218n ; 0 ; 0.0645161 ; 0.0625 ; 0 ; 0 ; 0.064 ; 0 ; 0.0842105 ; 0
rows bn:03611246n ; 0 ; 0.0333333 ; 0 ; 0 ; 0 ; 0.0330579 ; 0 ; 0 ; 0.0307692
bouton radio bn:03157702n ; 0 ; 0.0169492 ; 0 ; 0 ; 0 ; 0.0168067 ; 0 ; 0 ; 0
radio bn:00065899n ; 0 ; 0.0645161 ; 0 ; 0.0733945 ; 0 ; 0.064 ; 0 ; 0 ; 0.0597015
multiple bn:00056285n ; 0 ; 0.0169492 ; 0 ; 0 ; 0 ; 0 ; 0 ; 0 ; 0.015625
touche ctrl bn:00020947n ; 0 ; 0.00854701 ; 0 ; 0 ; 0 ; 0 ; 0 ; 0 ; 0
transfert de fichier bn:03563534n ; 0 ; 0.00854701 ; 0 ; 0 ; 0 ; 0 ; 0 ; 0 ; 0
fread bn:13825823n ; 0 ; 0.0333333 ; 0.0322581 ; 0.0380952 ; 0 ; 0 ; 0 ; 0 ; 0
fin de fichier bn:02781064n ; 0 ; 0.0169492 ; 0.0163934 ; 0 ; 0 ; 0 ; 0 ; 0 ; 0
existence bn:00009676n ; 0 ; 0.0333333 ; 0 ; 0 ; 0.0310078 ; 0.0330579 ; 0 ; 0 ; 0
carte d’identité bn:00015915n ; 0 ; 0.00854701 ; 0 ; 0 ; 0 ; 0 ; 0 ; 0 ; 0
mémoire vive bn:00066091n ; 0 ; 0.00854701 ; 0 ; 0 ; 0 ; 0 ; 0 ; 0 ; 0
vouloir bn:00095629v ; 0 ; 0.0645161 ; 0.0625 ; 0 ; 0.0601504 ; 0.064 ; 0 ; 0 ; 0
session bn:03751534n ; 0 ; 0.0169492 ; 0 ; 0.0194175 ; 0 ; 0 ; 0 ; 0 ; 0
temps bn:00077270n ; 0 ; 0.282353 ; 0.290698 ; 0.26087 ; 0.297143 ; 0.295858 ; 0.316547 ; 0 ; 0.273743
généralement bn:00114778r ; 0 ; 0.00854701 ; 0 ; 0 ; 0 ; 0 ; 0 ; 0 ; 0
min bn:00055094n ; 0 ; 0.0169492 ; 0 ; 0 ; 0 ; 0.0168067 ; 0 ; 0 ; 0
correct bn:00100490a ; 0 ; 0.0169492 ; 0 ; 0 ; 0 ; 0.0168067 ; 0 ; 0 ; 0
exe bn:14503132n ; 0 ; 0.00854701 ; 0 ; 0 ; 0 ; 0 ; 0 ; 0 ; 0
xhtml bn:01163644n ; 0 ; 0.0169492 ; 0.0163934 ; 0 ; 0 ; 0 ; 0 ; 0 ; 0
2.0 bn:00074217n ; 0 ; 0.00854701 ; 0 ; 0 ; 0 ; 0 ; 0 ; 0 ; 0
page bn:00060158n ; 0 ; 0 ; 0.00826446 ; 0 ; 0 ; 0 ; 0 ; 0 ; 0
base bn:00008786n ; 0 ; 0 ; 0.00826446 ; 0 ; 0 ; 0 ; 0 ; 0 ; 0
séparateur bn:03371342n ; 0 ; 0 ; 0.0163934 ; 0 ; 0 ; 0.0168067 ; 0 ; 0 ; 0
bloc bn:03098513n ; 0 ; 0 ; 0.0163934 ; 0 ; 0.015748 ; 0 ; 0 ; 0 ; 0
portée bn:03460088n ; 0 ; 0 ; 0.00826446 ; 0 ; 0 ; 0 ; 0 ; 0 ; 0
chaîne bn:00074685n ; 0 ; 0 ; 0 ; 0 ; 0 ; 0.0168067 ; 0 ; 0 ; 0.015625
supprimer bn:00087533v ; 0 ; 0 ; 0.00826446 ; 0 ; 0 ; 0 ; 0 ; 0 ; 0
précédence bn:01410322n ; 0 ; 0 ; 0.00826446 ; 0 ; 0 ; 0 ; 0 ; 0 ; 0
bits bn:00010731n ; 0 ; 0 ; 0.0163934 ; 0 ; 0.015748 ; 0 ; 0 ; 0 ; 0
incrémentation bn:01936826n ; 0 ; 0 ; 0.00826446 ; 0 ; 0 ; 0 ; 0 ; 0 ; 0
opérateur logiques bn:00051853n ; 0 ; 0 ; 0.0322581 ; 0 ; 0 ; 0.0330579 ; 0 ; 0 ; 0.0307692
strftime bn:03338250n ; 0 ; 0 ; 0.0163934 ; 0 ; 0.015748 ; 0 ; 0 ; 0 ; 0
phpmyadmin bn:03382496n ; 0 ; 0 ; 0.0322581 ; 0 ; 0.0310078 ; 0 ; 0 ; 0 ; 0.0307692
modifier bn:00003127n ; 0 ; 0 ; 0.00826446 ; 0 ; 0 ; 0 ; 0 ; 0 ; 0
numériques bn:00107651a ; 0 ; 0 ; 0.00826446 ; 0 ; 0 ; 0 ; 0 ; 0 ; 0
réels bn:00066395n ; 0 ; 0 ; 0.0163934 ; 0 ; 0 ; 0.0168067 ; 0 ; 0 ; 0
enum bn:02324948n ; 0 ; 0 ; 0.00826446 ; 0 ; 0 ; 0 ; 0 ; 0 ; 0
time bn:03389905n ; 0 ; 0 ; 0.0322581 ; 0 ; 0.0310078 ; 0 ; 0.0470588 ; 0 ; 0
sql bn:02266432n ; 0 ; 0 ; 0.117647 ; 0 ; 0.113475 ; 0.120301 ; 0 ; 0.15534 ; 0.112676
innodb bn:01067935n ; 0 ; 0 ; 0.0163934 ; 0 ; 0 ; 0 ; 0 ; 0 ; 0.015625
fulltext bn:00508617n ; 0 ; 0 ; 0.00826446 ; 0 ; 0 ; 0 ; 0 ; 0 ; 0
séquence bn:00070574n ; 0 ; 0 ; 0.0625 ; 0 ; 0 ; 0.064 ; 0 ; 0.0842105 ; 0.0597015
fichier par bn:03318531n ; 0 ; 0 ; 0.00826446 ; 0 ; 0 ; 0 ; 0 ; 0 ; 0
sortie bn:01541423n ; 0 ; 0 ; 0.00826446 ; 0 ; 0 ; 0 ; 0 ; 0 ; 0
sortie standard bn:01496506n ; 0 ; 0 ; 0.0322581 ; 0.0380952 ; 0.0310078 ; 0 ; 0 ; 0 ; 0
ecriture bn:00081714n ; 0 ; 0 ; 0.0625 ; 0.0733945 ; 0.0601504 ; 0 ; 0 ; 0 ; 0.0597015
fermer bn:00085170v ; 0 ; 0 ; 0.0163934 ; 0 ; 0 ; 0.0168067 ; 0 ; 0 ; 0
système de fichiers bn:00034429n ; 0 ; 0 ; 0.00826446 ; 0 ; 0 ; 0 ; 0 ; 0 ; 0
comparer bn:00085450v ; 0 ; 0 ; 0.00826446 ; 0 ; 0 ; 0 ; 0 ; 0 ; 0
couleurs bn:00020726n ; 0 ; 0 ; 0.117647 ; 0.136752 ; 0.113475 ; 0.120301 ; 0 ; 0 ; 0.112676
rectangle bn:00066608n ; 0 ; 0 ; 0.00826446 ; 0 ; 0 ; 0 ; 0 ; 0 ; 0
polygones bn:00063423n ; 0 ; 0 ; 0.00826446 ; 0 ; 0 ; 0 ; 0 ; 0 ; 0
programmation objet bn:00058448n ; 0 ; 0 ; 0.0322581 ; 0 ; 0.0310078 ; 0 ; 0 ; 0 ; 0.0307692
classe bn:03608262n ; 0 ; 0 ; 0.0625 ; 0 ; 0.0601504 ; 0.064 ; 0 ; 0 ; 0.0597015
héritage bn:00043822n ; 0 ; 0 ; 0.117647 ; 0 ; 0.113475 ; 0.120301 ; 0 ; 0.15534 ; 0.112676
polymorphisme bn:01974384n ; 0 ; 0 ; 0.0163934 ; 0 ; 0 ; 0 ; 0 ; 0 ; 0.015625
self bn:03432485n ; 0 ; 0 ; 0.0322581 ; 0 ; 0.0310078 ; 0 ; 0 ; 0 ; 0.0307692
constructeurs bn:03834827n ; 0 ; 0 ; 0.117647 ; 0 ; 0.113475 ; 0.120301 ; 0 ; 0.15534 ; 0.112676
destructeur bn:01558988n ; 0 ; 0 ; 0.00826446 ; 0 ; 0 ; 0 ; 0 ; 0 ; 0
nouveauté bn:00049321n ; 0 ; 0 ; 0.00826446 ; 0 ; 0 ; 0 ; 0 ; 0 ; 0
exceptions bn:00032118n ; 0 ; 0 ; 0.00826446 ; 0 ; 0 ; 0 ; 0 ; 0 ; 0
sauvegarder bn:00093281v ; 0 ; 0 ; 0.0322581 ; 0 ; 0.0310078 ; 0.0330579 ; 0 ; 0 ; 0
inspirer bn:00084021v ; 0 ; 0 ; 0.00826446 ; 0 ; 0 ; 0 ; 0 ; 0 ; 0
langage c bn:00014377n ; 0 ; 0 ; 0.0322581 ; 0.0380952 ; 0 ; 0 ; 0 ; 0 ; 0.0307692
rasmus lerdorf bn:03232211n ; 0 ; 0 ; 0.0163934 ; 0 ; 0.015748 ; 0 ; 0 ; 0 ; 0
site personnel bn:01605102n ; 0 ; 0 ; 0.00826446 ; 0 ; 0 ; 0 ; 0 ; 0 ; 0
interpreter bn:00047204n ; 0 ; 0 ; 0.0163934 ; 0 ; 0 ; 0.0168067 ; 0 ; 0 ; 0
contributeurs bn:04850445n ; 0 ; 0 ; 0.00826446 ; 0 ; 0 ; 0 ; 0 ; 0 ; 0
juin bn:00048592n ; 0 ; 0 ; 0.0163934 ; 0 ; 0.015748 ; 0 ; 0 ; 0 ; 0
zeev suraski bn:00571154n ; 0 ; 0 ; 0.0163934 ; 0 ; 0.015748 ; 0 ; 0 ; 0 ; 0
modulaire bn:00106842a ; 0 ; 0 ; 0.0163934 ; 0 ; 0.015748 ; 0 ; 0 ; 0 ; 0
extensible bn:00102618a ; 0 ; 0 ; 0.00826446 ; 0 ; 0 ; 0 ; 0 ; 0 ; 0
supplémentaires bn:00111488a ; 0 ; 0 ; 0.0322581 ; 0 ; 0.0310078 ; 0.0330579 ; 0 ; 0 ; 0
manquer bn:00090161v ; 0 ; 0 ; 0.0163934 ; 0 ; 0 ; 0.0168067 ; 0 ; 0 ; 0
cohérente bn:00099970a ; 0 ; 0 ; 0.0163934 ; 0 ; 0 ; 0.0168067 ; 0 ; 0 ; 0
zend bn:03133191n ; 0 ; 0 ; 0.0163934 ; 0 ; 0.015748 ; 0 ; 0 ; 0 ; 0
zend engine bn:01337536n ; 0 ; 0 ; 0.0163934 ; 0 ; 0.015748 ; 0 ; 0 ; 0 ; 0
mai bn:00053941n ; 0 ; 0 ; 0.00826446 ; 0 ; 0 ; 0 ; 0 ; 0 ; 0
c++ bn:03586438n ; 0 ; 0 ; 0.0625 ; 0.0733945 ; 0.0601504 ; 0.064 ; 0 ; 0 ; 0
forum bn:14251420n ; 0 ; 0 ; 0.00826446 ; 0 ; 0 ; 0 ; 0 ; 0 ; 0
messagerie bn:00030257n ; 0 ; 0 ; 0.0163934 ; 0 ; 0 ; 0 ; 0 ; 0 ; 0.015625
commerce électronique bn:00029344n ; 0 ; 0 ; 0.0163934 ; 0 ; 0.015748 ; 0 ; 0 ; 0 ; 0
banque bn:00008364n ; 0 ; 0 ; 0.0322581 ; 0.0380952 ; 0 ; 0.0330579 ; 0 ; 0 ; 0
publication en ligne bn:01180578n ; 0 ; 0 ; 0.00826446 ; 0 ; 0 ; 0 ; 0 ; 0 ; 0
lamp bn:01708928n ; 0 ; 0 ; 0.0322581 ; 0 ; 0.0310078 ; 0 ; 0 ; 0 ; 0.0307692
linux bn:00051427n ; 0 ; 0 ; 0.0625 ; 0 ; 0.0601504 ; 0.064 ; 0 ; 0 ; 0.0597015
incorporer bn:00089664v ; 0 ; 0 ; 0.00826446 ; 0 ; 0 ; 0 ; 0 ; 0 ; 0
semblant bn:00045960n ; 0 ; 0 ; 0.00826446 ; 0 ; 0 ; 0 ; 0 ; 0 ; 0
dédier bn:00085427v ; 0 ; 0 ; 0.00826446 ; 0 ; 0 ; 0 ; 0 ; 0 ; 0
lire bn:00066357n ; 0 ; 0 ; 0.117647 ; 0.136752 ; 0.113475 ; 0.120301 ; 0 ; 0 ; 0.112676
vitesse bn:00073258n ; 0 ; 0 ; 0.0163934 ; 0 ; 0 ; 0.0168067 ; 0 ; 0 ; 0
côté bn:00110607a ; 0 ; 0 ; 0.00826446 ; 0 ; 0 ; 0 ; 0 ; 0 ; 0
windows bn:00081305n ; 0 ; 0 ; 0.0322581 ; 0 ; 0.0310078 ; 0.0330579 ; 0 ; 0 ; 0
vbscript bn:02626435n ; 0 ; 0 ; 0.00826446 ; 0 ; 0 ; 0 ; 0 ; 0 ; 0
jscript bn:01995344n ; 0 ; 0 ; 0.00826446 ; 0 ; 0 ; 0 ; 0 ; 0 ; 0
activex bn:03829972n ; 0 ; 0 ; 0.00826446 ; 0 ; 0 ; 0 ; 0 ; 0 ; 0
portage bn:01430733n ; 0 ; 0 ; 0.00826446 ; 0 ; 0 ; 0 ; 0 ; 0 ; 0
plate-forme bn:00062900n ; 0 ; 0 ; 0.00826446 ; 0 ; 0 ; 0 ; 0 ; 0 ; 0
langage de programmation procédural bn:01706415n ; 0 ; 0 ; 0.0163934 ; 0 ; 0.015748 ; 0 ; 0 ; 0 ; 0
procédural bn:00109049a ; 0 ; 0 ; 0.00826446 ; 0 ; 0 ; 0 ; 0 ; 0 ; 0
nécessaire bn:00107182a ; 0 ; 0 ; 0.0322581 ; 0.0380952 ; 0 ; 0.0330579 ; 0 ; 0 ; 0
unix bn:00079165n ; 0 ; 0 ; 0.0163934 ; 0 ; 0.015748 ; 0 ; 0 ; 0 ; 0
mac bn:00052516n ; 0 ; 0 ; 0.0163934 ; 0 ; 0.015748 ; 0 ; 0 ; 0 ; 0
distribution linux bn:01061442n ; 0 ; 0 ; 0.0163934 ; 0 ; 0.015748 ; 0 ; 0 ; 0 ; 0
mode bn:00033729n ; 0 ; 0 ; 0.117647 ; 0.136752 ; 0.113475 ; 0.120301 ; 0 ; 0 ; 0.112676
répertoire personnel bn:02102310n ; 0 ; 0 ; 0.00826446 ; 0 ; 0 ; 0 ; 0 ; 0 ; 0
complexe bn:00100148a ; 0 ; 0 ; 0.0322581 ; 0 ; 0.0310078 ; 0.0330579 ; 0 ; 0 ; 0
uvre bn:00016278n ; 0 ; 0 ; 0.0322581 ; 0.0380952 ; 0 ; 0.0330579 ; 0 ; 0 ; 0
employer bn:00030616n ; 0 ; 0 ; 0.0163934 ; 0 ; 0.015748 ; 0 ; 0 ; 0 ; 0
easyphp bn:14837849n ; 0 ; 0 ; 0.00826446 ; 0 ; 0 ; 0 ; 0 ; 0 ; 0
coloration syntaxique bn:02006707n ; 0 ; 0 ; 0.00826446 ; 0 ; 0 ; 0 ; 0 ; 0 ; 0
w3c bn:02673666n ; 0 ; 0 ; 0.0625 ; 0.0733945 ; 0 ; 0.064 ; 0 ; 0 ; 0.0597015
css bn:00056944n ; 0 ; 0 ; 0.00826446 ; 0 ; 0 ; 0 ; 0 ; 0 ; 0
mozilla bn:01297088n ; 0 ; 0 ; 0.0163934 ; 0.0194175 ; 0 ; 0 ; 0 ; 0 ; 0
galeon bn:00496122n ; 0 ; 0 ; 0.00826446 ; 0 ; 0 ; 0 ; 0 ; 0 ; 0
konqueror bn:16498221n ; 0 ; 0 ; 0.00826446 ; 0 ; 0 ; 0 ; 0 ; 0 ; 0
compatibles bn:00100128a ; 0 ; 0 ; 0.00826446 ; 0 ; 0 ; 0 ; 0 ; 0 ; 0
bordélique bn:00110762a ; 0 ; 0 ; 0.00826446 ; 0 ; 0 ; 0 ; 0 ; 0 ; 0
endroit bn:00062699n ; 0 ; 0 ; 0.0625 ; 0 ; 0.0601504 ; 0.064 ; 0 ; 0 ; 0.0597015
web bn:00080772n ; 0 ; 0 ; 0.0163934 ; 0 ; 0 ; 0.0168067 ; 0 ; 0 ; 0
souple bn:00102069a ; 0 ; 0 ; 0.00826446 ; 0 ; 0 ; 0 ; 0 ; 0 ; 0
point-virgule bn:00070420n ; 0 ; 0 ; 0.0163934 ; 0 ; 0 ; 0.0168067 ; 0 ; 0 ; 0
sensible bn:00104681a ; 0 ; 0 ; 0.0625 ; 0.0733945 ; 0.0601504 ; 0.064 ; 0 ; 0 ; 0
lettre bn:00003057n ; 0 ; 0 ; 0.0163934 ; 0 ; 0.015748 ; 0 ; 0 ; 0 ; 0
contexte bn:00022168n ; 0 ; 0 ; 0.00826446 ; 0 ; 0 ; 0 ; 0 ; 0 ; 0
transtypage bn:17104905n ; 0 ; 0 ; 0.0322581 ; 0.0380952 ; 0 ; 0.0330579 ; 0 ; 0 ; 0
signe égal bn:00031280n ; 0 ; 0 ; 0.00826446 ; 0 ; 0 ; 0 ; 0 ; 0 ; 0
sans bn:00025713n ; 0 ; 0 ; 0.00826446 ; 0 ; 0 ; 0 ; 0 ; 0 ; 0
affiche bn:15173511n ; 0 ; 0 ; 0.0163934 ; 0 ; 0 ; 0 ; 0 ; 0 ; 0.015625
globale bn:00103624a ; 0 ; 0 ; 0.0322581 ; 0 ; 0 ; 0.0330579 ; 0 ; 0 ; 0.0307692
variable locale bn:00958409n ; 0 ; 0 ; 0.0163934 ; 0 ; 0 ; 0 ; 0.0240964 ; 0 ; 0
locale bn:03080237n ; 0 ; 0 ; 0.0163934 ; 0 ; 0 ; 0 ; 0.0240964 ; 0 ; 0
grand nombre bn:14223782n ; 0 ; 0 ; 0.0322581 ; 0 ; 0 ; 0.0330579 ; 0 ; 0 ; 0.0307692
upload bn:14037830n ; 0 ; 0 ; 0.00826446 ; 0 ; 0 ; 0 ; 0 ; 0 ; 0
env bn:01199166n ; 0 ; 0 ; 0.0625 ; 0 ; 0.0601504 ; 0 ; 0.0898876 ; 0 ; 0.0597015
cache bn:00014484n ; 0 ; 0 ; 0.0163934 ; 0 ; 0.015748 ; 0 ; 0 ; 0 ; 0
dynamique bn:00101917a ; 0 ; 0 ; 0.00826446 ; 0 ; 0 ; 0 ; 0 ; 0 ; 0
ambiguïté bn:00003266n ; 0 ; 0 ; 0.00826446 ; 0 ; 0 ; 0 ; 0 ; 0 ; 0
chaîne vide bn:03716205n ; 0 ; 0 ; 0.0163934 ; 0 ; 0 ; 0.0168067 ; 0 ; 0 ; 0
booléenne bn:00098690a ; 0 ; 0 ; 0.00826446 ; 0 ; 0 ; 0 ; 0 ; 0 ; 0
architecture bn:00005442n ; 0 ; 0 ; 0.0163934 ; 0 ; 0.015748 ; 0 ; 0 ; 0 ; 0
nombre à virgule flottante bn:00035278n ; 0 ; 0 ; 0.0322581 ; 0.0380952 ; 0 ; 0 ; 0 ; 0 ; 0.0307692
puissance de 10 bn:05006238n ; 0 ; 0 ; 0.00826446 ; 0 ; 0 ; 0 ; 0 ; 0 ; 0
ascii bn:00003473n ; 0 ; 0 ; 0.0163934 ; 0.0194175 ; 0 ; 0 ; 0 ; 0 ; 0
unicode bn:02529895n ; 0 ; 0 ; 0.00826446 ; 0 ; 0 ; 0 ; 0 ; 0 ; 0
échapper bn:00083961v ; 0 ; 0 ; 0.00826446 ; 0 ; 0 ; 0 ; 0 ; 0 ; 0
lf bn:00050913n ; 0 ; 0 ; 0.00826446 ; 0 ; 0 ; 0 ; 0 ; 0 ; 0
carriage return bn:00016246n ; 0 ; 0 ; 0.00826446 ; 0 ; 0 ; 0 ; 0 ; 0 ; 0
cr bn:00006854n ; 0 ; 0 ; 0.00826446 ; 0 ; 0 ; 0 ; 0 ; 0 ; 0
antislash bn:00988551n ; 0 ; 0 ; 0.0163934 ; 0 ; 0 ; 0.0168067 ; 0 ; 0 ; 0
notation octale bn:00058598n ; 0 ; 0 ; 0.00826446 ; 0 ; 0 ; 0 ; 0 ; 0 ; 0
notation hexadécimale bn:00043958n ; 0 ; 0 ; 0.00826446 ; 0 ; 0 ; 0 ; 0 ; 0 ; 0
hexadécimale bn:00104145a ; 0 ; 0 ; 0.00826446 ; 0 ; 0 ; 0 ; 0 ; 0 ; 0
égal bn:00102336a ; 0 ; 0 ; 0.0625 ; 0.0733945 ; 0 ; 0.064 ; 0 ; 0 ; 0.0597015
valeur numérique bn:00000451n ; 0 ; 0 ; 0.0163934 ; 0 ; 0 ; 0 ; 0 ; 0 ; 0.015625
numérique bn:00107649a ; 0 ; 0 ; 0.0322581 ; 0 ; 0 ; 0 ; 0.0470588 ; 0 ; 0.0307692
val bn:00079476n ; 0 ; 0 ; 0.00826446 ; 0 ; 0 ; 0 ; 0 ; 0 ; 0
table de hachage bn:00587820n ; 0 ; 0 ; 0.0163934 ; 0.0194175 ; 0 ; 0 ; 0 ; 0 ; 0
hachage bn:00583146n ; 0 ; 0 ; 0.0322581 ; 0.0380952 ; 0.0310078 ; 0 ; 0 ; 0 ; 0
pile bn:02100952n ; 0 ; 0 ; 0.0163934 ; 0 ; 0.015748 ; 0 ; 0 ; 0 ; 0
séparer bn:00082871v ; 0 ; 0 ; 0.0163934 ; 0 ; 0.015748 ; 0 ; 0 ; 0 ; 0
volée bn:00035208n ; 0 ; 0 ; 0.00826446 ; 0 ; 0 ; 0 ; 0 ; 0 ; 0
class bn:03598962n ; 0 ; 0 ; 0.00826446 ; 0 ; 0 ; 0 ; 0 ; 0 ; 0
constantes bn:00100331a ; 0 ; 0 ; 0.0163934 ; 0 ; 0 ; 0 ; 0 ; 0 ; 0.015625
casse bn:00083919v ; 0 ; 0 ; 0.00826446 ; 0 ; 0 ; 0 ; 0 ; 0 ; 0
redéfinir bn:00092568v ; 0 ; 0 ; 0.00826446 ; 0 ; 0 ; 0 ; 0 ; 0 ; 0
integer bn:00691555n ; 0 ; 0 ; 0.0625 ; 0 ; 0.0601504 ; 0.064 ; 0 ; 0.0842105 ; 0
gauche bn:00902572n ; 0 ; 0 ; 0.00826446 ; 0 ; 0 ; 0 ; 0 ; 0 ; 0
droite bn:00051291n ; 0 ; 0 ; 0.0163934 ; 0.0194175 ; 0 ; 0 ; 0 ; 0 ; 0
croître bn:00089082v ; 0 ; 0 ; 0.00826446 ; 0 ; 0 ; 0 ; 0 ; 0 ; 0
associativité bn:00533203n ; 0 ; 0 ; 0.00826446 ; 0 ; 0 ; 0 ; 0 ; 0 ; 0
division bn:00027919n ; 0 ; 0 ; 0.0322581 ; 0 ; 0 ; 0.0330579 ; 0 ; 0 ; 0.0307692
multiplication bn:00056300n ; 0 ; 0 ; 0.117647 ; 0.136752 ; 0.113475 ; 0.120301 ; 0 ; 0 ; 0.112676
division par deux bn:03686939n ; 0 ; 0 ; 0.00826446 ; 0 ; 0 ; 0 ; 0 ; 0 ; 0
deux bn:00000075n ; 0 ; 0 ; 0.0163934 ; 0 ; 0 ; 0.0168067 ; 0 ; 0 ; 0
message bn:00521573n ; 0 ; 0 ; 0.0322581 ; 0 ; 0.0310078 ; 0 ; 0 ; 0.043956 ; 0
oeil bn:00032512n ; 0 ; 0 ; 0.00826446 ; 0 ; 0 ; 0 ; 0 ; 0 ; 0
exécutée bn:00091723v ; 0 ; 0 ; 0.00826446 ; 0 ; 0 ; 0 ; 0 ; 0 ; 0
conditionnelle bn:00100214a ; 0 ; 0 ; 0.0163934 ; 0 ; 0 ; 0 ; 0 ; 0 ; 0.015625
sorte bn:00035907n ; 0 ; 0 ; 0.00826446 ; 0 ; 0 ; 0 ; 0 ; 0 ; 0
ressembler à bn:00092876v ; 0 ; 0 ; 0.0163934 ; 0 ; 0 ; 0.0168067 ; 0 ; 0 ; 0
homologue bn:00023208n ; 0 ; 0 ; 0.00826446 ; 0 ; 0 ; 0 ; 0 ; 0 ; 0
impossible bn:00104687a ; 0 ; 0 ; 0.0322581 ; 0 ; 0.0310078 ; 0.0330579 ; 0 ; 0 ; 0
existe bn:00083184v ; 0 ; 0 ; 0.0163934 ; 0 ; 0 ; 0.0168067 ; 0 ; 0 ; 0
appel de fonction bn:00036827n ; 0 ; 0 ; 0.00826446 ; 0 ; 0 ; 0 ; 0 ; 0 ; 0
valeur par défaut bn:03854990n ; 0 ; 0 ; 0.117647 ; 0.136752 ; 0.113475 ; 0.120301 ; 0 ; 0 ; 0.112676
type de valeurs bn:00253515n ; 0 ; 0 ; 0.0163934 ; 0 ; 0 ; 0 ; 0 ; 0.0224719 ; 0
devoir bn:00091362v ; 0 ; 0 ; 0.0163934 ; 0 ; 0 ; 0.0168067 ; 0 ; 0 ; 0
couvrir bn:00085916v ; 0 ; 0 ; 0.00826446 ; 0 ; 0 ; 0 ; 0 ; 0 ; 0
rappel bn:03490040n ; 0 ; 0 ; 0.183673 ; 0.183206 ; 0.18543 ; 0.17931 ; 0.19469 ; 0 ; 0.168831
limitation bn:00051252n ; 0 ; 0 ; 0.00826446 ; 0 ; 0 ; 0 ; 0 ; 0 ; 0
conteneur bn:03305154n ; 0 ; 0 ; 0.00826446 ; 0 ; 0 ; 0 ; 0 ; 0 ; 0
droit bn:00048655n ; 0 ; 0 ; 0.0625 ; 0.0733945 ; 0.0601504 ; 0.064 ; 0 ; 0 ; 0
chose bn:00091115v ; 0 ; 0 ; 0.0625 ; 0.0733945 ; 0.0601504 ; 0.064 ; 0 ; 0 ; 0
premier bn:00034738n ; 0 ; 0 ; 0.0163934 ; 0 ; 0 ; 0.0168067 ; 0 ; 0 ; 0
choix multiples bn:03455699n ; 0 ; 0 ; 0.00826446 ; 0 ; 0 ; 0 ; 0 ; 0 ; 0
vin bn:00080022n ; 0 ; 0 ; 0.00826446 ; 0 ; 0 ; 0 ; 0 ; 0 ; 0
format de date bn:03576260n ; 0 ; 0 ; 0.00826446 ; 0 ; 0 ; 0 ; 0 ; 0 ; 0
langue anglaise bn:00030862n ; 0 ; 0 ; 0.0625 ; 0.0733945 ; 0 ; 0.064 ; 0 ; 0 ; 0.0597015
français bn:00036426n ; 0 ; 0 ; 0.0322581 ; 0 ; 0 ; 0.0330579 ; 0 ; 0 ; 0.0307692
système bn:15125301n ; 0 ; 0 ; 0.0625 ; 0 ; 0.0601504 ; 0.064 ; 0 ; 0 ; 0.0597015
semaine bn:00043484n ; 0 ; 0 ; 0.0163934 ; 0 ; 0 ; 0.0168067 ; 0 ; 0 ; 0
heure internet bn:02981905n ; 0 ; 0 ; 0.00826446 ; 0 ; 0 ; 0 ; 0 ; 0 ; 0
internet bn:00024712n ; 0 ; 0 ; 0.0625 ; 0 ; 0.0601504 ; 0.064 ; 0 ; 0 ; 0.0597015
vendredi bn:00036512n ; 0 ; 0 ; 0.0163934 ; 0 ; 0.015748 ; 0 ; 0 ; 0 ; 0
janvier bn:00047960n ; 0 ; 0 ; 0.00826446 ; 0 ; 0 ; 0 ; 0 ; 0 ; 0
hiver bn:00081370n ; 0 ; 0 ; 0.00826446 ; 0 ; 0 ; 0 ; 0 ; 0 ; 0
heure de greenwich bn:00040810n ; 0 ; 0 ; 0.00826446 ; 0 ; 0 ; 0 ; 0 ; 0 ; 0
dec bn:00017011n ; 0 ; 0 ; 0.00826446 ; 0 ; 0 ; 0 ; 0 ; 0 ; 0
fuseau horaire bn:00077302n ; 0 ; 0 ; 0.00826446 ; 0 ; 0 ; 0 ; 0 ; 0 ; 0
dimanche bn:00028190n ; 0 ; 0 ; 0.0322581 ; 0 ; 0.0310078 ; 0.0330579 ; 0 ; 0 ; 0
samedi bn:00068696n ; 0 ; 0 ; 0.0163934 ; 0 ; 0.015748 ; 0 ; 0 ; 0 ; 0
lundi bn:00055609n ; 0 ; 0 ; 0.0163934 ; 0 ; 0.015748 ; 0 ; 0 ; 0 ; 0
second bn:00005460n ; 0 ; 0 ; 0.00826446 ; 0 ; 0 ; 0 ; 0 ; 0 ; 0
fonction bn:00036821n ; 0 ; 0 ; 0.00826446 ; 0 ; 0 ; 0 ; 0 ; 0 ; 0
siècle bn:00017234n ; 0 ; 0 ; 0.00826446 ; 0 ; 0 ; 0 ; 0 ; 0 ; 0
numérique bn:15182937n ; 0 ; 0 ; 0.00826446 ; 0 ; 0 ; 0 ; 0 ; 0 ; 0
intervalle bn:00047229n ; 0 ; 0 ; 0.00826446 ; 0 ; 0 ; 0 ; 0 ; 0 ; 0
semaine 1 bn:04756861n ; 0 ; 0 ; 0.00826446 ; 0 ; 0 ; 0 ; 0 ; 0 ; 0
abréviation bn:00000239n ; 0 ; 0 ; 0.00826446 ; 0 ; 0 ; 0 ; 0 ; 0 ; 0
littéral bn:00106042a ; 0 ; 0 ; 0.0163934 ; 0 ; 0 ; 0.0168067 ; 0 ; 0 ; 0
september bn:15649592n ; 0 ; 0 ; 0.00826446 ; 0 ; 0 ; 0 ; 0 ; 0 ; 0
septembre bn:00070537n ; 0 ; 0 ; 0.0163934 ; 0 ; 0.015748 ; 0 ; 0 ; 0 ; 0
semaine 3 bn:04756880n ; 0 ; 0 ; 0.00826446 ; 0 ; 0 ; 0 ; 0 ; 0 ; 0
système de gestion bn:01510781n ; 0 ; 0 ; 0.0322581 ; 0 ; 0.0310078 ; 0.0330579 ; 0 ; 0 ; 0
système de gestion de base de donnée bn:14249264n ; 0 ; 0 ; 0.0322581 ; 0.0380952 ; 0 ; 0.0330579 ; 0 ; 0 ; 0
relationnel bn:00109653a ; 0 ; 0 ; 0.0163934 ; 0 ; 0 ; 0 ; 0 ; 0 ; 0.015625
open source bn:01157392n ; 0 ; 0 ; 0.0163934 ; 0 ; 0 ; 0 ; 0 ; 0 ; 0.015625
mysql ab bn:03198967n ; 0 ; 0 ; 0.00826446 ; 0 ; 0 ; 0 ; 0 ; 0 ; 0
licence bn:00050986n ; 0 ; 0 ; 0.0163934 ; 0 ; 0 ; 0.0168067 ; 0 ; 0 ; 0
licence gpl bn:01157379n ; 0 ; 0 ; 0.0163934 ; 0 ; 0 ; 0.0168067 ; 0 ; 0 ; 0
support technique bn:03482340n ; 0 ; 0 ; 0.00826446 ; 0 ; 0 ; 0 ; 0 ; 0 ; 0
hébergeur bn:00801697n ; 0 ; 0 ; 0.0322581 ; 0 ; 0 ; 0.0330579 ; 0 ; 0 ; 0.0307692
étrangères bn:00096774a ; 0 ; 0 ; 0.00826446 ; 0 ; 0 ; 0 ; 0 ; 0 ; 0
notamment bn:00115235r ; 0 ; 0 ; 0.0163934 ; 0 ; 0.015748 ; 0 ; 0 ; 0 ; 0
delete bn:00941697n ; 0 ; 0 ; 0.0625 ; 0 ; 0.0601504 ; 0.064 ; 0 ; 0.0842105 ; 0
moteur de recherche bn:13956658n ; 0 ; 0 ; 0.00826446 ; 0 ; 0 ; 0 ; 0 ; 0 ; 0
sqlplus bn:02088255n ; 0 ; 0 ; 0.00826446 ; 0 ; 0 ; 0 ; 0 ; 0 ; 0
intuitif bn:00047307n ; 0 ; 0 ; 0.00826446 ; 0 ; 0 ; 0 ; 0 ; 0 ; 0
toolkit bn:01526357n ; 0 ; 0 ; 0.00826446 ; 0 ; 0 ; 0 ; 0 ; 0 ; 0
qt bn:17288164n ; 0 ; 0 ; 0.00826446 ; 0 ; 0 ; 0 ; 0 ; 0 ; 0
macos bn:01415427n ; 0 ; 0 ; 0.0163934 ; 0 ; 0.015748 ; 0 ; 0 ; 0 ; 0
ip bn:00046704n ; 0 ; 0 ; 0.0163934 ; 0 ; 0 ; 0 ; 0 ; 0 ; 0.015625
doute bn:00028425n ; 0 ; 0 ; 0.0163934 ; 0 ; 0 ; 0.0168067 ; 0 ; 0 ; 0
administrateur bn:00075765n ; 0 ; 0 ; 0.0163934 ; 0 ; 0 ; 0.0168067 ; 0 ; 0 ; 0
mise à jour bn:15364261n ; 0 ; 0 ; 0.0322581 ; 0 ; 0 ; 0.0330579 ; 0.0470588 ; 0 ; 0
possible bn:00108829a ; 0 ; 0 ; 0.0322581 ; 0 ; 0.0310078 ; 0.0330579 ; 0 ; 0 ; 0
tenir compte bn:00082541v ; 0 ; 0 ; 0.0163934 ; 0 ; 0 ; 0.0168067 ; 0 ; 0 ; 0
quantité variables bn:00079581n ; 0 ; 0 ; 0.00826446 ; 0 ; 0 ; 0 ; 0 ; 0 ; 0
medium bn:00054149n ; 0 ; 0 ; 0.00826446 ; 0 ; 0 ; 0 ; 0 ; 0 ; 0
tris bn:00072857n ; 0 ; 0 ; 0.00826446 ; 0 ; 0 ; 0 ; 0 ; 0 ; 0
champ de bn:15987694n ; 0 ; 0 ; 0.00826446 ; 0 ; 0 ; 0 ; 0 ; 0 ; 0
insérer bn:00087594v ; 0 ; 0 ; 0.00826446 ; 0 ; 0 ; 0 ; 0 ; 0 ; 0
plupart bn:00050555n ; 0 ; 0 ; 0.0163934 ; 0 ; 0 ; 0.0168067 ; 0 ; 0 ; 0
préférence bn:00061333n ; 0 ; 0 ; 0.00826446 ; 0 ; 0 ; 0 ; 0 ; 0 ; 0
février bn:00033882n ; 0 ; 0 ; 0.00826446 ; 0 ; 0 ; 0 ; 0 ; 0 ; 0
mise bn:00016287n ; 0 ; 0 ; 0.0322581 ; 0 ; 0 ; 0.0330579 ; 0 ; 0 ; 0.0307692
expliquer bn:00082235v ; 0 ; 0 ; 0.00826446 ; 0 ; 0 ; 0 ; 0 ; 0 ; 0
plage bn:04717355n ; 0 ; 0 ; 0.00826446 ; 0 ; 0 ; 0 ; 0 ; 0 ; 0
mm bn:00055052n ; 0 ; 0 ; 0.00826446 ; 0 ; 0 ; 0 ; 0 ; 0 ; 0
fraction bn:00036154n ; 0 ; 0 ; 0.00826446 ; 0 ; 0 ; 0 ; 0 ; 0 ; 0
soumettre bn:00094538v ; 0 ; 0 ; 0.00826446 ; 0 ; 0 ; 0 ; 0 ; 0 ; 0
rollback bn:00133978n ; 0 ; 0 ; 0.0322581 ; 0 ; 0.0310078 ; 0 ; 0 ; 0 ; 0.0307692
crash bn:00023573n ; 0 ; 0 ; 0.00826446 ; 0 ; 0 ; 0 ; 0 ; 0 ; 0
contraintes bn:00022062n ; 0 ; 0 ; 0.0163934 ; 0 ; 0 ; 0.0168067 ; 0 ; 0 ; 0
intégrité bn:03141748n ; 0 ; 0 ; 0.00826446 ; 0 ; 0 ; 0 ; 0 ; 0 ; 0
parente bn:00033359n ; 0 ; 0 ; 0.00826446 ; 0 ; 0 ; 0 ; 0 ; 0 ; 0
clé étrangère bn:01944370n ; 0 ; 0 ; 0.0163934 ; 0 ; 0 ; 0.0168067 ; 0 ; 0 ; 0
fils bn:00051877n ; 0 ; 0 ; 0.00826446 ; 0 ; 0 ; 0 ; 0 ; 0 ; 0
critère bn:00023853n ; 0 ; 0 ; 0.0163934 ; 0 ; 0 ; 0.0168067 ; 0 ; 0 ; 0
flotter bn:00088327v ; 0 ; 0 ; 0.00826446 ; 0 ; 0 ; 0 ; 0 ; 0 ; 0
order bn:02240223n ; 0 ; 0 ; 0.00826446 ; 0 ; 0 ; 0 ; 0 ; 0 ; 0
simplicité bn:00071689n ; 0 ; 0 ; 0.00826446 ; 0 ; 0 ; 0 ; 0 ; 0 ; 0
ouverte bn:00107886a ; 0 ; 0 ; 0.00826446 ; 0 ; 0 ; 0 ; 0 ; 0 ; 0
échec bn:00018197n ; 0 ; 0 ; 0.0322581 ; 0 ; 0.0310078 ; 0.0330579 ; 0 ; 0 ; 0
numéroter bn:00091103v ; 0 ; 0 ; 0.00826446 ; 0 ; 0 ; 0 ; 0 ; 0 ; 0
identiques bn:00104508a ; 0 ; 0 ; 0.00826446 ; 0 ; 0 ; 0 ; 0 ; 0 ; 0
renommer bn:00092787v ; 0 ; 0 ; 0.0163934 ; 0 ; 0.015748 ; 0 ; 0 ; 0 ; 0
insertion bn:02234787n ; 0 ; 0 ; 0.0163934 ; 0.0194175 ; 0 ; 0 ; 0 ; 0 ; 0
avoir besoin de bn:00091028v ; 0 ; 0 ; 0.0322581 ; 0 ; 0.0310078 ; 0.0330579 ; 0 ; 0 ; 0
liste chaînée bn:01056813n ; 0 ; 0 ; 0.00826446 ; 0 ; 0 ; 0 ; 0 ; 0 ; 0
jointure bn:00048368n ; 0 ; 0 ; 0.00826446 ; 0 ; 0 ; 0 ; 0 ; 0 ; 0
activer bn:00082307v ; 0 ; 0 ; 0.00826446 ; 0 ; 0 ; 0 ; 0 ; 0 ; 0
mode texte bn:03459971n ; 0 ; 0 ; 0.00826446 ; 0 ; 0 ; 0 ; 0 ; 0 ; 0
fin bn:00113911a ; 0 ; 0 ; 0.00826446 ; 0 ; 0 ; 0 ; 0 ; 0 ; 0
placer bn:00090224v ; 0 ; 0 ; 0.0163934 ; 0.0194175 ; 0 ; 0 ; 0 ; 0 ; 0
img bn:02450504n ; 0 ; 0 ; 0.0163934 ; 0 ; 0 ; 0.0168067 ; 0 ; 0 ; 0
fichier csv bn:03284335n ; 0 ; 0 ; 0.00826446 ; 0 ; 0 ; 0 ; 0 ; 0 ; 0
ret bn:05006619n ; 0 ; 0 ; 0.00826446 ; 0 ; 0 ; 0 ; 0 ; 0 ; 0
fichier binaire bn:00010479n ; 0 ; 0 ; 0.00826446 ; 0 ; 0 ; 0 ; 0 ; 0 ; 0
calculer bn:00084373v ; 0 ; 0 ; 0.0163934 ; 0 ; 0 ; 0.0168067 ; 0 ; 0 ; 0
réussite bn:00000870n ; 0 ; 0 ; 0.00826446 ; 0 ; 0 ; 0 ; 0 ; 0 ; 0
chdir bn:00821546n ; 0 ; 0 ; 0.00826446 ; 0 ; 0 ; 0 ; 0 ; 0 ; 0
argument bn:00005603n ; 0 ; 0 ; 0.00826446 ; 0 ; 0 ; 0 ; 0 ; 0 ; 0
relatif bn:00109123a ; 0 ; 0 ; 0.00826446 ; 0 ; 0 ; 0 ; 0 ; 0 ; 0
handle bn:00278322n ; 0 ; 0 ; 0.0163934 ; 0.0194175 ; 0 ; 0 ; 0 ; 0 ; 0
prochaine bn:00096455a ; 0 ; 0 ; 0.0163934 ; 0 ; 0 ; 0.0168067 ; 0 ; 0 ; 0
sous bn:00072872n ; 0 ; 0 ; 0.00826446 ; 0 ; 0 ; 0 ; 0 ; 0 ; 0
base 8 bn:01534404n ; 0 ; 0 ; 0.00826446 ; 0 ; 0 ; 0 ; 0 ; 0 ; 0
type de fichier bn:01156328n ; 0 ; 0 ; 0.00826446 ; 0 ; 0 ; 0 ; 0 ; 0 ; 0
fifo bn:00034349n ; 0 ; 0 ; 0.00826446 ; 0 ; 0 ; 0 ; 0 ; 0 ; 0
pointé bn:00086679v ; 0 ; 0 ; 0.0163934 ; 0 ; 0 ; 0.0168067 ; 0 ; 0 ; 0
inode bn:03396161n ; 0 ; 0 ; 0.00826446 ; 0 ; 0 ; 0 ; 0 ; 0 ; 0
taille de bloc bn:04788419n ; 0 ; 0 ; 0.00826446 ; 0 ; 0 ; 0 ; 0 ; 0 ; 0
shell unix bn:02558830n ; 0 ; 0 ; 0.00826446 ; 0 ; 0 ; 0 ; 0 ; 0 ; 0
dirname bn:00242975n ; 0 ; 0 ; 0.0322581 ; 0.0380952 ; 0.0310078 ; 0 ; 0 ; 0 ; 0
isoler bn:00089916v ; 0 ; 0 ; 0.00826446 ; 0 ; 0 ; 0 ; 0 ; 0 ; 0
chown bn:02823726n ; 0 ; 0 ; 0.00826446 ; 0 ; 0 ; 0 ; 0 ; 0 ; 0
chgrp bn:00742376n ; 0 ; 0 ; 0.00826446 ; 0 ; 0 ; 0 ; 0 ; 0 ; 0
copy bn:14086525n ; 0 ; 0 ; 0.0163934 ; 0.0194175 ; 0 ; 0 ; 0 ; 0 ; 0
hard link bn:03277499n ; 0 ; 0 ; 0.00826446 ; 0 ; 0 ; 0 ; 0 ; 0 ; 0
lien symbolique bn:01044905n ; 0 ; 0 ; 0.00826446 ; 0 ; 0 ; 0 ; 0 ; 0 ; 0
masque bn:03236329n ; 0 ; 0 ; 0.00826446 ; 0 ; 0 ; 0 ; 0 ; 0 ; 0
rename bn:00342646n ; 0 ; 0 ; 0.0163934 ; 0.0194175 ; 0 ; 0 ; 0 ; 0 ; 0
umask bn:03851470n ; 0 ; 0 ; 0.0163934 ; 0.0194175 ; 0 ; 0 ; 0 ; 0 ; 0
encodage bn:00030696n ; 0 ; 0 ; 0.0322581 ; 0 ; 0.0310078 ; 0.0330579 ; 0 ; 0 ; 0
avatar bn:03801346n ; 0 ; 0 ; 0.00826446 ; 0 ; 0 ; 0 ; 0 ; 0 ; 0
vérification bn:00017984n ; 0 ; 0 ; 0.0163934 ; 0 ; 0 ; 0.0168067 ; 0 ; 0 ; 0
pire bn:00113940a ; 0 ; 0 ; 0.00826446 ; 0 ; 0 ; 0 ; 0 ; 0 ; 0
boite de dialogue bn:00026837n ; 0 ; 0 ; 0.00826446 ; 0 ; 0 ; 0 ; 0 ; 0 ; 0
gestionnaire de fichier bn:00264400n ; 0 ; 0 ; 0.00826446 ; 0 ; 0 ; 0 ; 0 ; 0 ; 0
cliquer bn:00085112v ; 0 ; 0 ; 0.0163934 ; 0 ; 0 ; 0.0168067 ; 0 ; 0 ; 0
bouton bn:03843242n ; 0 ; 0 ; 0.0163934 ; 0.0194175 ; 0 ; 0 ; 0 ; 0 ; 0
temp bn:00076450n ; 0 ; 0 ; 0.00826446 ; 0 ; 0 ; 0 ; 0 ; 0 ; 0
fichier temporaire bn:03462927n ; 0 ; 0 ; 0.00826446 ; 0 ; 0 ; 0 ; 0 ; 0 ; 0
verrouiller bn:00090430v ; 0 ; 0 ; 0.00826446 ; 0 ; 0 ; 0 ; 0 ; 0 ; 0
caractère nul bn:02742063n ; 0 ; 0 ; 0.00826446 ; 0 ; 0 ; 0 ; 0 ; 0 ; 0
inverse bn:00105377a ; 0 ; 0 ; 0.0163934 ; 0 ; 0 ; 0.0168067 ; 0 ; 0 ; 0
oreille bn:00029372n ; 0 ; 0 ; 0.00826446 ; 0 ; 0 ; 0 ; 0 ; 0 ; 0
entité bn:00031027n ; 0 ; 0 ; 0.0625 ; 0 ; 0.0601504 ; 0.064 ; 0 ; 0 ; 0.0597015
entité html bn:01327413n ; 0 ; 0 ; 0.0163934 ; 0 ; 0 ; 0 ; 0 ; 0 ; 0.015625
fonctionnement bn:00036838n ; 0 ; 0 ; 0.00826446 ; 0 ; 0 ; 0 ; 0 ; 0 ; 0
quotes bn:00683774n ; 0 ; 0 ; 0.00826446 ; 0 ; 0 ; 0 ; 0 ; 0 ; 0
formater bn:00082780v ; 0 ; 0 ; 0.00826446 ; 0 ; 0 ; 0 ; 0 ; 0 ; 0
troisième bn:00096000a ; 0 ; 0 ; 0.00826446 ; 0 ; 0 ; 0 ; 0 ; 0 ; 0
colle bn:00001366n ; 0 ; 0 ; 0.00826446 ; 0 ; 0 ; 0 ; 0 ; 0 ; 0
longueur bn:00050662n ; 0 ; 0 ; 0.0163934 ; 0 ; 0.015748 ; 0 ; 0 ; 0 ; 0
invisibles bn:00105385a ; 0 ; 0 ; 0.0163934 ; 0 ; 0 ; 0 ; 0 ; 0.0224719 ; 0
égale bn:00021326n ; 0 ; 0 ; 0.00826446 ; 0 ; 0 ; 0 ; 0 ; 0 ; 0
expiration bn:00026345n ; 0 ; 0 ; 0.00826446 ; 0 ; 0 ; 0 ; 0 ; 0 ; 0
avoir lieu bn:00085337v ; 0 ; 0 ; 0.0625 ; 0 ; 0.0601504 ; 0.064 ; 0 ; 0 ; 0.0597015
disponible bn:00097846a ; 0 ; 0 ; 0.0322581 ; 0 ; 0 ; 0.0330579 ; 0 ; 0.043956 ; 0
variable globale bn:02011863n ; 0 ; 0 ; 0.0163934 ; 0 ; 0 ; 0 ; 0.0240964 ; 0 ; 0
authentification bn:03253409n ; 0 ; 0 ; 0.0625 ; 0.0733945 ; 0.0601504 ; 0.064 ; 0 ; 0 ; 0
déconnexion bn:00027504n ; 0 ; 0 ; 0.0163934 ; 0 ; 0 ; 0 ; 0 ; 0 ; 0.015625
évidente bn:00097350a ; 0 ; 0 ; 0.00826446 ; 0 ; 0 ; 0 ; 0 ; 0 ; 0
connecté bn:00085628v ; 0 ; 0 ; 0.00826446 ; 0 ; 0 ; 0 ; 0 ; 0 ; 0
démarrer bn:00083342v ; 0 ; 0 ; 0.0322581 ; 0 ; 0 ; 0.0330579 ; 0 ; 0 ; 0.0307692
balise html bn:02104867n ; 0 ; 0 ; 0.0322581 ; 0 ; 0 ; 0.0330579 ; 0 ; 0 ; 0.0307692
sauvegarde bn:00007838n ; 0 ; 0 ; 0.0163934 ; 0 ; 0 ; 0.0168067 ; 0 ; 0 ; 0
unset bn:00176172n ; 0 ; 0 ; 0.0322581 ; 0.0380952 ; 0 ; 0 ; 0 ; 0 ; 0.0307692
cookie de session bn:00070691n ; 0 ; 0 ; 0.00826446 ; 0 ; 0 ; 0 ; 0 ; 0 ; 0
ouverture de session bn:03885719n ; 0 ; 0 ; 0.0625 ; 0 ; 0.0601504 ; 0.064 ; 0 ; 0.0842105 ; 0
recommencer bn:00092914v ; 0 ; 0 ; 0.00826446 ; 0 ; 0 ; 0 ; 0 ; 0 ; 0
unix_timestamp bn:00124230n ; 0 ; 0 ; 0.00826446 ; 0 ; 0 ; 0 ; 0 ; 0 ; 0
retirer bn:00092783v ; 0 ; 0 ; 0.00826446 ; 0 ; 0 ; 0 ; 0 ; 0 ; 0
dll bn:02058089n ; 0 ; 0 ; 0.00826446 ; 0 ; 0 ; 0 ; 0 ; 0 ; 0
jpeg bn:00838809n ; 0 ; 0 ; 0.00826446 ; 0 ; 0 ; 0 ; 0 ; 0 ; 0
windows bitmap bn:01848933n ; 0 ; 0 ; 0.00826446 ; 0 ; 0 ; 0 ; 0 ; 0 ; 0
truecolor bn:04000779n ; 0 ; 0 ; 0.00826446 ; 0 ; 0 ; 0 ; 0 ; 0 ; 0
largeur bn:00012893n ; 0 ; 0 ; 0.00826446 ; 0 ; 0 ; 0 ; 0 ; 0 ; 0
gd bn:03462925n ; 0 ; 0 ; 0.00826446 ; 0 ; 0 ; 0 ; 0 ; 0 ; 0
gif bn:00444440n ; 0 ; 0 ; 0.00826446 ; 0 ; 0 ; 0 ; 0 ; 0 ; 0
psd bn:15712791n ; 0 ; 0 ; 0.00826446 ; 0 ; 0 ; 0 ; 0 ; 0 ; 0
tiff bn:00663058n ; 0 ; 0 ; 0.00826446 ; 0 ; 0 ; 0 ; 0 ; 0 ; 0
intel bn:00670400n ; 0 ; 0 ; 0.0163934 ; 0 ; 0.015748 ; 0 ; 0 ; 0 ; 0
rouge bn:00066631n ; 0 ; 0 ; 0.0625 ; 0.0733945 ; 0.0601504 ; 0 ; 0 ; 0 ; 0.0597015
vert bn:00041648n ; 0 ; 0 ; 0.0163934 ; 0 ; 0.015748 ; 0 ; 0 ; 0 ; 0
premier bn:00103006a ; 0 ; 0 ; 0.0163934 ; 0 ; 0 ; 0.0168067 ; 0 ; 0 ; 0
rvb bn:01953314n ; 0 ; 0 ; 0.00826446 ; 0 ; 0 ; 0 ; 0 ; 0 ; 0
coordonnées bn:00022459n ; 0 ; 0 ; 0.0163934 ; 0 ; 0 ; 0 ; 0 ; 0 ; 0.015625
total bn:00102277a ; 0 ; 0 ; 0.0163934 ; 0 ; 0 ; 0.0168067 ; 0 ; 0 ; 0
blue bn:00765896n ; 0 ; 0 ; 0.00826446 ; 0 ; 0 ; 0 ; 0 ; 0 ; 0
cercle bn:00019169n ; 0 ; 0 ; 0.0163934 ; 0 ; 0 ; 0.0168067 ; 0 ; 0 ; 0
ellipse bn:00030406n ; 0 ; 0 ; 0.00826446 ; 0 ; 0 ; 0 ; 0 ; 0 ; 0
juste bn:00114626r ; 0 ; 0 ; 0.0163934 ; 0 ; 0 ; 0 ; 0 ; 0.0224719 ; 0
mot-clé bn:03277968n ; 0 ; 0 ; 0.00826446 ; 0 ; 0 ; 0 ; 0 ; 0 ; 0
constante bn:14692918n ; 0 ; 0 ; 0.00826446 ; 0 ; 0 ; 0 ; 0 ; 0 ; 0
classe d bn:14503356n ; 0 ; 0 ; 0.00826446 ; 0 ; 0 ; 0 ; 0 ; 0 ; 0
autre bn:03870834n ; 0 ; 0 ; 0.0163934 ; 0 ; 0 ; 0.0168067 ; 0 ; 0 ; 0
héritage multiple bn:01226081n ; 0 ; 0 ; 0.00826446 ; 0 ; 0 ; 0 ; 0 ; 0 ; 0
classe a bn:17130264n ; 0 ; 0 ; 0.00826446 ; 0 ; 0 ; 0 ; 0 ; 0 ; 0
faire référence bn:00085006v ; 0 ; 0 ; 0.00826446 ; 0 ; 0 ; 0 ; 0 ; 0 ; 0
générique bn:00103518a ; 0 ; 0 ; 0.00826446 ; 0 ; 0 ; 0 ; 0 ; 0 ; 0
type b bn:00007599n ; 0 ; 0 ; 0.00826446 ; 0 ; 0 ; 0 ; 0 ; 0 ; 0
ramasse-miettes bn:00037292n ; 0 ; 0 ; 0.00826446 ; 0 ; 0 ; 0 ; 0 ; 0 ; 0
code objet bn:00058451n ; 0 ; 0 ; 0.00826446 ; 0 ; 0 ; 0 ; 0 ; 0 ; 0
clonage bn:04738539n ; 0 ; 0 ; 0.00826446 ; 0 ; 0 ; 0 ; 0 ; 0 ; 0
directe bn:00101420a ; 0 ; 0 ; 0.00826446 ; 0 ; 0 ; 0 ; 0 ; 0 ; 0
explicite bn:00102589a ; 0 ; 0 ; 0.00826446 ; 0 ; 0 ; 0 ; 0 ; 0 ; 0
via bn:01515703n ; 0 ; 0 ; 0.00826446 ; 0 ; 0 ; 0 ; 0 ; 0 ; 0
descripteur de fichiers bn:03441901n ; 0 ; 0 ; 0.00826446 ; 0 ; 0 ; 0 ; 0 ; 0 ; 0
o3 bn:01507028n ; 0 ; 0 ; 0.00826446 ; 0 ; 0 ; 0 ; 0 ; 0 ; 0
substituer bn:00087802v ; 0 ; 0 ; 0.00826446 ; 0 ; 0 ; 0 ; 0 ; 0 ; 0
utile bn:00113456a ; 0 ; 0 ; 0.00826446 ; 0 ; 0 ; 0 ; 0 ; 0 ; 0
abstraire bn:00082180v ; 0 ; 0 ; 0.0322581 ; 0 ; 0.0310078 ; 0 ; 0 ; 0 ; 0.0307692
abstraites bn:00096212a ; 0 ; 0 ; 0.0163934 ; 0 ; 0 ; 0 ; 0 ; 0 ; 0.015625
classe abstraite bn:03110061n ; 0 ; 0 ; 0.0163934 ; 0 ; 0 ; 0 ; 0 ; 0 ; 0.015625
dérivée bn:00026447n ; 0 ; 0 ; 0.0163934 ; 0 ; 0 ; 0 ; 0 ; 0 ; 0.015625
implémentant bn:00084595v ; 0 ; 0 ; 0.00826446 ; 0 ; 0 ; 0 ; 0 ; 0 ; 0
publique bn:00109211a ; 0 ; 0 ; 0.0625 ; 0 ; 0.0601504 ; 0.064 ; 0 ; 0 ; 0.0597015
redéfinition bn:00066711n ; 0 ; 0 ; 0.0163934 ; 0 ; 0 ; 0 ; 0 ; 0 ; 0.015625
final bn:01755798n ; 0 ; 0 ; 0.0322581 ; 0 ; 0 ; 0 ; 0 ; 0.043956 ; 0.0307692
final bn:00102969a ; 0 ; 0 ; 0.0163934 ; 0 ; 0 ; 0 ; 0 ; 0 ; 0.015625
prototypes bn:03593973n ; 0 ; 0 ; 0.00826446 ; 0 ; 0 ; 0 ; 0 ; 0 ; 0
template bn:02473997n ; 0 ; 0 ; 0.00826446 ; 0 ; 0 ; 0 ; 0 ; 0 ; 0
contraire bn:00100398a ; 0 ; 0 ; 0.0163934 ; 0 ; 0 ; 0 ; 0 ; 0 ; 0.015625
variable bn:00113503a ; 0 ; 0 ; 0.0163934 ; 0 ; 0 ; 0.0168067 ; 0 ; 0 ; 0
iterator bn:00967687n ; 0 ; 0 ; 0.00826446 ; 0 ; 0 ; 0 ; 0 ; 0 ; 0
infos bn:00046705n ; 0 ; 0 ; 0.0625 ; 0.0733945 ; 0.0601504 ; 0.064 ; 0 ; 0 ; 0
numéro de ligne bn:03406633n ; 0 ; 0 ; 0.00826446 ; 0 ; 0 ; 0 ; 0 ; 0 ; 0
erreur bn:00031485n ; 0 ; 0 ; 0.00826446 ; 0 ; 0 ; 0 ; 0 ; 0 ; 0
parent bn:00060643n ; 0 ; 0 ; 0.0322581 ; 0 ; 0 ; 0.0330579 ; 0 ; 0 ; 0.0307692
ancien système bn:01069561n ; 0 ; 0 ; 0.00826446 ; 0 ; 0 ; 0 ; 0 ; 0 ; 0
stream bn:02122367n ; 0 ; 0 ; 0.00826446 ; 0 ; 0 ; 0 ; 0 ; 0 ; 0
xampp bn:02350502n ; 0 ; 0 ; 0.0322581 ; 0 ; 0.0310078 ; 0 ; 0 ; 0 ; 0.0307692
erreur de syntaxe bn:00075740n ; 0 ; 0 ; 0.00826446 ; 0 ; 0 ; 0 ; 0 ; 0 ; 0
intéresser bn:00089814v ; 0 ; 0 ; 0.00826446 ; 0 ; 0 ; 0 ; 0 ; 0 ; 0
comportement bn:00009657n ; 0 ; 0 ; 0.117647 ; 0.136752 ; 0.113475 ; 0.120301 ; 0 ; 0 ; 0.112676
réception bn:00066489n ; 0 ; 0 ; 0.00826446 ; 0 ; 0 ; 0 ; 0 ; 0 ; 0
répéter bn:00089731v ; 0 ; 0 ; 0.0322581 ; 0 ; 0.0310078 ; 0 ; 0 ; 0 ; 0.0307692
cas objet bn:00000786n ; 0 ; 0 ; 0.00826446 ; 0 ; 0 ; 0 ; 0 ; 0 ; 0
standard bn:00111129a ; 0 ; 0 ; 0.0322581 ; 0 ; 0.0310078 ; 0.0330579 ; 0 ; 0 ; 0
internes bn:00105292a ; 0 ; 0 ; 0.00826446 ; 0 ; 0 ; 0 ; 0 ; 0 ; 0
supporter bn:00093674v ; 0 ; 0 ; 0.00826446 ; 0 ; 0 ; 0 ; 0 ; 0 ; 0
remplissage bn:03416628n ; 0 ; 0 ; 0.0163934 ; 0 ; 0 ; 0.0168067 ; 0 ; 0 ; 0
structure bn:00094491v ; 0 ; 0 ; 0.00826446 ; 0 ; 0 ; 0 ; 0 ; 0 ; 0
programmation web bn:03446093n ; 0 ; 0 ; 0 ; 0.0380952 ; 0.0310078 ; 0.0330579 ; 0 ; 0 ; 0
université antilles guyane bn:00537645n ; 0 ; 0 ; 0 ; 0.00980392 ; 0 ; 0 ; 0 ; 0 ; 0
feuilles de style bn:00802225n ; 0 ; 0 ; 0 ; 0.00980392 ; 0 ; 0 ; 0 ; 0 ; 0
pdf bn:01745594n ; 0 ; 0 ; 0 ; 0.0380952 ; 0.0310078 ; 0.0330579 ; 0 ; 0 ; 0
capable bn:00099215a ; 0 ; 0 ; 0 ; 0.00980392 ; 0 ; 0 ; 0 ; 0 ; 0
noël bn:00018836n ; 0 ; 0 ; 0 ; 0.00980392 ; 0 ; 0 ; 0 ; 0 ; 0
client http bn:04783345n ; 0 ; 0 ; 0 ; 0.00980392 ; 0 ; 0 ; 0 ; 0 ; 0
recommandation w3c bn:15800643n ; 0 ; 0 ; 0 ; 0.00980392 ; 0 ; 0 ; 0 ; 0 ; 0
head bn:02338897n ; 0 ; 0 ; 0 ; 0.0380952 ; 0.0310078 ; 0.0330579 ; 0 ; 0 ; 0
êtres bn:00009677n ; 0 ; 0 ; 0 ; 0.0194175 ; 0 ; 0.0168067 ; 0 ; 0 ; 0
structuration bn:14636497n ; 0 ; 0 ; 0 ; 0.0194175 ; 0 ; 0 ; 0.0240964 ; 0 ; 0
sens bn:00046139n ; 0 ; 0 ; 0 ; 0.0380952 ; 0 ; 0.0330579 ; 0 ; 0.043956 ; 0
désormais bn:00116384r ; 0 ; 0 ; 0 ; 0.00980392 ; 0 ; 0 ; 0 ; 0 ; 0
paragraphe bn:00060556n ; 0 ; 0 ; 0 ; 0.00980392 ; 0 ; 0 ; 0 ; 0 ; 0
liste à puces bn:03415182n ; 0 ; 0 ; 0 ; 0.0194175 ; 0.015748 ; 0 ; 0 ; 0 ; 0
inline bn:01456420n ; 0 ; 0 ; 0 ; 0.00980392 ; 0 ; 0 ; 0 ; 0 ; 0
h2 bn:02803535n ; 0 ; 0 ; 0 ; 0.0194175 ; 0.015748 ; 0 ; 0 ; 0 ; 0
disponibilité bn:00000670n ; 0 ; 0 ; 0 ; 0.00980392 ; 0 ; 0 ; 0 ; 0 ; 0
arial bn:01485779n ; 0 ; 0 ; 0 ; 0.00980392 ; 0 ; 0 ; 0 ; 0 ; 0
texte gras bn:00030599n ; 0 ; 0 ; 0 ; 0.00980392 ; 0 ; 0 ; 0 ; 0 ; 0
abuser bn:00090815v ; 0 ; 0 ; 0 ; 0.0194175 ; 0 ; 0.0168067 ; 0 ; 0 ; 0
css 3 bn:01642119n ; 0 ; 0 ; 0 ; 0.0194175 ; 0.015748 ; 0 ; 0 ; 0 ; 0
souris bn:00021487n ; 0 ; 0 ; 0 ; 0.00980392 ; 0 ; 0 ; 0 ; 0 ; 0
positionnement bn:00030615n ; 0 ; 0 ; 0 ; 0.00980392 ; 0 ; 0 ; 0 ; 0 ; 0
dtd bn:15232677n ; 0 ; 0 ; 0 ; 0.0380952 ; 0 ; 0.0330579 ; 0 ; 0 ; 0.0307692
charset bn:00017756n ; 0 ; 0 ; 0 ; 0.00980392 ; 0 ; 0 ; 0 ; 0 ; 0
auto bn:00007309n ; 0 ; 0 ; 0 ; 0.0194175 ; 0.015748 ; 0 ; 0 ; 0 ; 0
allonger bn:00087910v ; 0 ; 0 ; 0 ; 0.00980392 ; 0 ; 0 ; 0 ; 0 ; 0
chevauchements bn:00045993n ; 0 ; 0 ; 0 ; 0.00980392 ; 0 ; 0 ; 0 ; 0 ; 0
em bn:00030453n ; 0 ; 0 ; 0 ; 0.00980392 ; 0 ; 0 ; 0 ; 0 ; 0
active server pages bn:02246064n ; 0 ; 0 ; 0 ; 0.00980392 ; 0 ; 0 ; 0 ; 0 ; 0
microsoft bn:01165400n ; 0 ; 0 ; 0 ; 0.0733945 ; 0.0601504 ; 0.064 ; 0 ; 0 ; 0.0597015
exécutable bn:00102521a ; 0 ; 0 ; 0 ; 0.0194175 ; 0 ; 0.0168067 ; 0 ; 0 ; 0
connaissance bn:00020452n ; 0 ; 0 ; 0 ; 0.00980392 ; 0 ; 0 ; 0 ; 0 ; 0
dictionnaires bn:00026967n ; 0 ; 0 ; 0 ; 0.00980392 ; 0 ; 0 ; 0 ; 0 ; 0
bois bn:00081492n ; 0 ; 0 ; 0 ; 0.00980392 ; 0 ; 0 ; 0 ; 0 ; 0
key bn:15770009n ; 0 ; 0 ; 0 ; 0.00980392 ; 0 ; 0 ; 0 ; 0 ; 0
info bn:00046698n ; 0 ; 0 ; 0 ; 0.00980392 ; 0 ; 0 ; 0 ; 0 ; 0
parcours bn:03468087n ; 0 ; 0 ; 0 ; 0.0380952 ; 0.0310078 ; 0.0330579 ; 0 ; 0 ; 0
pouvoir bn:00084450v ; 0 ; 0 ; 0 ; 0.00980392 ; 0 ; 0 ; 0 ; 0 ; 0
httpd bn:16913184n ; 0 ; 0 ; 0 ; 0.00980392 ; 0 ; 0 ; 0 ; 0 ; 0
statiques bn:00111112a ; 0 ; 0 ; 0 ; 0.0194175 ; 0 ; 0 ; 0 ; 0 ; 0.015625
sport bn:00006759n ; 0 ; 0 ; 0 ; 0.0380952 ; 0 ; 0.0330579 ; 0 ; 0 ; 0.0307692
selection multiple bn:05019947n ; 0 ; 0 ; 0 ; 0.00980392 ; 0 ; 0 ; 0 ; 0 ; 0
possibilité bn:00045632n ; 0 ; 0 ; 0 ; 0.0733945 ; 0.0601504 ; 0.064 ; 0 ; 0 ; 0.0597015
saisir bn:00082727v ; 0 ; 0 ; 0 ; 0.00980392 ; 0 ; 0 ; 0 ; 0 ; 0
nom bn:00056758n ; 0 ; 0 ; 0 ; 0.00980392 ; 0 ; 0 ; 0 ; 0 ; 0
mode connecté bn:04749137n ; 0 ; 0 ; 0 ; 0.00980392 ; 0 ; 0 ; 0 ; 0 ; 0
rattacher bn:00085624v ; 0 ; 0 ; 0 ; 0.00980392 ; 0 ; 0 ; 0 ; 0 ; 0
durée de vie bn:01120526n ; 0 ; 0 ; 0 ; 0.0194175 ; 0 ; 0 ; 0 ; 0 ; 0.015625
path bn:01205256n ; 0 ; 0 ; 0 ; 0.0194175 ; 0.015748 ; 0 ; 0 ; 0 ; 0
nobody bn:03500369n ; 0 ; 0 ; 0 ; 0.00980392 ; 0 ; 0 ; 0 ; 0 ; 0
basename bn:01749628n ; 0 ; 0 ; 0 ; 0.00980392 ; 0 ; 0 ; 0 ; 0 ; 0
touch bn:03178622n ; 0 ; 0 ; 0 ; 0.0194175 ; 0 ; 0.0168067 ; 0 ; 0 ; 0
friends bn:00257421n ; 0 ; 0 ; 0 ; 0.00980392 ; 0 ; 0 ; 0 ; 0 ; 0
epub bn:01314222n ; 0 ; 0 ; 0 ; 0 ; 0.00793651 ; 0 ; 0 ; 0 ; 0
caractéristique bn:00099532a ; 0 ; 0 ; 0 ; 0 ; 0.0310078 ; 0.0330579 ; 0 ; 0 ; 0.0307692
installation bn:03478637n ; 0 ; 0 ; 0 ; 0 ; 0.00793651 ; 0 ; 0 ; 0 ; 0
filtrage bn:00259585n ; 0 ; 0 ; 0 ; 0 ; 0.00793651 ; 0 ; 0 ; 0 ; 0
validation bn:03925844n ; 0 ; 0 ; 0 ; 0 ; 0.00793651 ; 0 ; 0 ; 0 ; 0
symfony bn:02798620n ; 0 ; 0 ; 0 ; 0 ; 0.00793651 ; 0 ; 0 ; 0 ; 0
application bn:00005095n ; 0 ; 0 ; 0 ; 0 ; 0.00793651 ; 0 ; 0 ; 0 ; 0
web service bn:03829842n ; 0 ; 0 ; 0 ; 0 ; 0.00793651 ; 0 ; 0 ; 0 ; 0
web mobile bn:03168096n ; 0 ; 0 ; 0 ; 0 ; 0.00793651 ; 0 ; 0 ; 0 ; 0
mobile bn:00106819a ; 0 ; 0 ; 0 ; 0 ; 0.00793651 ; 0 ; 0 ; 0 ; 0
informatique bn:00100175a ; 0 ; 0 ; 0 ; 0 ; 0.015748 ; 0.0168067 ; 0 ; 0 ; 0
compilateur bn:00021344n ; 0 ; 0 ; 0 ; 0 ; 0.015748 ; 0.0168067 ; 0 ; 0 ; 0
compilateur jit bn:01502421n ; 0 ; 0 ; 0 ; 0 ; 0.00793651 ; 0 ; 0 ; 0 ; 0
facebook bn:03624775n ; 0 ; 0 ; 0 ; 0 ; 0.015748 ; 0 ; 0 ; 0 ; 0.015625
coder bn:00084976v ; 0 ; 0 ; 0 ; 0 ; 0.0310078 ; 0.0330579 ; 0 ; 0 ; 0.0307692
sortie bn:00032242n ; 0 ; 0 ; 0 ; 0 ; 0.00793651 ; 0 ; 0 ; 0 ; 0
retrouver bn:00088204v ; 0 ; 0 ; 0 ; 0 ; 0.015748 ; 0.0168067 ; 0 ; 0 ; 0
programmeur bn:00020358n ; 0 ; 0 ; 0 ; 0 ; 0.00793651 ; 0 ; 0 ; 0 ; 0
développement bn:01834425n ; 0 ; 0 ; 0 ; 0 ; 0.00793651 ; 0 ; 0 ; 0 ; 0
ca bn:00014403n ; 0 ; 0 ; 0 ; 0 ; 0.00793651 ; 0 ; 0 ; 0 ; 0
livre bn:00012059n ; 0 ; 0 ; 0 ; 0 ; 0.015748 ; 0.0168067 ; 0 ; 0 ; 0
hiphop bn:01959769n ; 0 ; 0 ; 0 ; 0 ; 0.00793651 ; 0 ; 0 ; 0 ; 0
machine virtuelle bn:02589960n ; 0 ; 0 ; 0 ; 0 ; 0.00793651 ; 0 ; 0 ; 0 ; 0
typage fort bn:02560161n ; 0 ; 0 ; 0 ; 0 ; 0.00793651 ; 0 ; 0 ; 0 ; 0
framework bn:14831528n ; 0 ; 0 ; 0 ; 0 ; 0.00793651 ; 0 ; 0 ; 0 ; 0
phalcon bn:15355608n ; 0 ; 0 ; 0 ; 0 ; 0.00793651 ; 0 ; 0 ; 0 ; 0
compilation aot bn:15411174n ; 0 ; 0 ; 0 ; 0 ; 0.00793651 ; 0 ; 0 ; 0 ; 0
travers bn:00042404n ; 0 ; 0 ; 0 ; 0 ; 0.015748 ; 0 ; 0 ; 0.0224719 ; 0
yahoo bn:00081801n ; 0 ; 0 ; 0 ; 0 ; 0.00793651 ; 0 ; 0 ; 0 ; 0
content management systems bn:03631223n ; 0 ; 0 ; 0 ; 0 ; 0.00793651 ; 0 ; 0 ; 0 ; 0
gestion de contenu bn:00883027n ; 0 ; 0 ; 0 ; 0 ; 0.00793651 ; 0 ; 0 ; 0 ; 0
joomla bn:01946532n ; 0 ; 0 ; 0 ; 0 ; 0.00793651 ; 0 ; 0 ; 0 ; 0
laravel bn:02935312n ; 0 ; 0 ; 0 ; 0 ; 0.00793651 ; 0 ; 0 ; 0 ; 0
mamp bn:03197470n ; 0 ; 0 ; 0 ; 0 ; 0.015748 ; 0 ; 0 ; 0 ; 0.015625
indispensable bn:00104964a ; 0 ; 0 ; 0 ; 0 ; 0.015748 ; 0.0168067 ; 0 ; 0 ; 0
macports bn:01068822n ; 0 ; 0 ; 0 ; 0 ; 0.00793651 ; 0 ; 0 ; 0 ; 0
communication bn:00021221n ; 0 ; 0 ; 0 ; 0 ; 0.015748 ; 0.0168067 ; 0 ; 0 ; 0
fichier de configuration bn:03229365n ; 0 ; 0 ; 0 ; 0 ; 0.00793651 ; 0 ; 0 ; 0 ; 0
numbers bn:00439302n ; 0 ; 0 ; 0 ; 0 ; 0.00793651 ; 0 ; 0 ; 0 ; 0
compression bn:00021441n ; 0 ; 0 ; 0 ; 0 ; 0.00793651 ; 0 ; 0 ; 0 ; 0
éxécution bn:16533697n ; 0 ; 0 ; 0 ; 0 ; 0.00793651 ; 0 ; 0 ; 0 ; 0
logging bn:15274529n ; 0 ; 0 ; 0 ; 0 ; 0.00793651 ; 0 ; 0 ; 0 ; 0
désactiver bn:00027407n ; 0 ; 0 ; 0 ; 0 ; 0.015748 ; 0.0168067 ; 0 ; 0 ; 0
démarrage bn:03140436n ; 0 ; 0 ; 0 ; 0 ; 0.00793651 ; 0 ; 0 ; 0 ; 0
plugins bn:00001275n ; 0 ; 0 ; 0 ; 0 ; 0.00793651 ; 0 ; 0 ; 0 ; 0
logger bn:00825346n ; 0 ; 0 ; 0 ; 0 ; 0.00793651 ; 0 ; 0 ; 0 ; 0
rapporter bn:00034163n ; 0 ; 0 ; 0 ; 0 ; 0.00793651 ; 0 ; 0 ; 0 ; 0
fuite de mémoire bn:01230884n ; 0 ; 0 ; 0 ; 0 ; 0.00793651 ; 0 ; 0 ; 0 ; 0
chaine bn:00017487n ; 0 ; 0 ; 0 ; 0 ; 0.00793651 ; 0 ; 0 ; 0 ; 0
socket bn:15776593n ; 0 ; 0 ; 0 ; 0 ; 0.00793651 ; 0 ; 0 ; 0 ; 0
iconv bn:03672592n ; 0 ; 0 ; 0 ; 0 ; 0.00793651 ; 0 ; 0 ; 0 ; 0
système d bn:04836299n ; 0 ; 0 ; 0 ; 0 ; 0.015748 ; 0 ; 0 ; 0 ; 0.015625
smtp bn:02128235n ; 0 ; 0 ; 0 ; 0 ; 0.00793651 ; 0 ; 0 ; 0 ; 0
set bn:04928161n ; 0 ; 0 ; 0 ; 0 ; 0.0310078 ; 0 ; 0 ; 0.043956 ; 0.0307692
lien permanents bn:03767636n ; 0 ; 0 ; 0 ; 0 ; 0.00793651 ; 0 ; 0 ; 0 ; 0
links bn:01052609n ; 0 ; 0 ; 0 ; 0 ; 0.00793651 ; 0 ; 0 ; 0 ; 0
host bn:01846442n ; 0 ; 0 ; 0 ; 0 ; 0.0601504 ; 0.064 ; 0 ; 0.0842105 ; 0.0597015
md5 bn:01141584n ; 0 ; 0 ; 0 ; 0 ; 0.00793651 ; 0 ; 0 ; 0 ; 0
assertion bn:04728763n ; 0 ; 0 ; 0 ; 0 ; 0.00793651 ; 0 ; 0 ; 0 ; 0
fonction utilisateur bn:00952651n ; 0 ; 0 ; 0 ; 0 ; 0.00793651 ; 0 ; 0 ; 0 ; 0
mac os x bn:01334510n ; 0 ; 0 ; 0 ; 0 ; 0.00793651 ; 0 ; 0 ; 0 ; 0
khtml bn:00975876n ; 0 ; 0 ; 0 ; 0 ; 0.00793651 ; 0 ; 0 ; 0 ; 0
gecko bn:15456781n ; 0 ; 0 ; 0 ; 0 ; 0.00793651 ; 0 ; 0 ; 0 ; 0
doc bn:17202928n ; 0 ; 0 ; 0 ; 0 ; 0.015748 ; 0.0168067 ; 0 ; 0 ; 0
msie bn:17346309n ; 0 ; 0 ; 0 ; 0 ; 0.00793651 ; 0 ; 0 ; 0 ; 0
firefox bn:01387235n ; 0 ; 0 ; 0 ; 0 ; 0.00793651 ; 0 ; 0 ; 0 ; 0
chrome bn:00018877n ; 0 ; 0 ; 0 ; 0 ; 0.00793651 ; 0 ; 0 ; 0 ; 0
safari bn:00907501n ; 0 ; 0 ; 0 ; 0 ; 0.00793651 ; 0 ; 0 ; 0 ; 0
remède bn:00054133n ; 0 ; 0 ; 0 ; 0 ; 0.00793651 ; 0 ; 0 ; 0 ; 0
répondre bn:00082225v ; 0 ; 0 ; 0 ; 0 ; 0.00793651 ; 0 ; 0 ; 0 ; 0
simplifier bn:00087951v ; 0 ; 0 ; 0 ; 0 ; 0.00793651 ; 0 ; 0 ; 0 ; 0
majuscule bn:00015499n ; 0 ; 0 ; 0 ; 0 ; 0.015748 ; 0.0168067 ; 0 ; 0 ; 0
eval bn:03464447n ; 0 ; 0 ; 0 ; 0 ; 0.00793651 ; 0 ; 0 ; 0 ; 0
tableau associatifs bn:03848413n ; 0 ; 0 ; 0 ; 0 ; 0.015748 ; 0 ; 0.0240964 ; 0 ; 0
mardi bn:00078546n ; 0 ; 0 ; 0 ; 0 ; 0.015748 ; 0.0168067 ; 0 ; 0 ; 0
mercredi bn:00054897n ; 0 ; 0 ; 0 ; 0 ; 0.00793651 ; 0 ; 0 ; 0 ; 0
jeudi bn:00076744n ; 0 ; 0 ; 0 ; 0 ; 0.015748 ; 0.0168067 ; 0 ; 0 ; 0
query_string bn:03583474n ; 0 ; 0 ; 0 ; 0 ; 0.00793651 ; 0 ; 0 ; 0 ; 0
externes bn:00102624a ; 0 ; 0 ; 0 ; 0 ; 0.00793651 ; 0 ; 0 ; 0 ; 0
racine bn:00008793n ; 0 ; 0 ; 0 ; 0 ; 0.00793651 ; 0 ; 0 ; 0 ; 0
signaler bn:00071525n ; 0 ; 0 ; 0 ; 0 ; 0.00793651 ; 0 ; 0 ; 0 ; 0
type de retour bn:03354146n ; 0 ; 0 ; 0 ; 0 ; 0.015748 ; 0 ; 0 ; 0 ; 0.015625
etudiant bn:00029806n ; 0 ; 0 ; 0 ; 0 ; 0.015748 ; 0.0168067 ; 0 ; 0 ; 0
setter bn:00021412n ; 0 ; 0 ; 0 ; 0 ; 0.00793651 ; 0 ; 0 ; 0 ; 0
attribut bn:00007068n ; 0 ; 0 ; 0 ; 0 ; 0.015748 ; 0 ; 0 ; 0 ; 0.015625
espace de nommage bn:01468325n ; 0 ; 0 ; 0 ; 0 ; 0.00793651 ; 0 ; 0 ; 0 ; 0
bleu bn:00011477n ; 0 ; 0 ; 0 ; 0 ; 0.00793651 ; 0 ; 0 ; 0 ; 0
set bn:00062714n ; 0 ; 0 ; 0 ; 0 ; 0.00793651 ; 0 ; 0 ; 0 ; 0
diff bn:16709776n ; 0 ; 0 ; 0 ; 0 ; 0.00793651 ; 0 ; 0 ; 0 ; 0
ball bn:03442687n ; 0 ; 0 ; 0 ; 0 ; 0.00793651 ; 0 ; 0 ; 0 ; 0
être bn:00004222n ; 0 ; 0 ; 0 ; 0 ; 0.0310078 ; 0.0330579 ; 0 ; 0.043956 ; 0
interrogation bn:00047208n ; 0 ; 0 ; 0 ; 0 ; 0.00793651 ; 0 ; 0 ; 0 ; 0
jeanne bn:03888564n ; 0 ; 0 ; 0 ; 0 ; 0.00793651 ; 0 ; 0 ; 0 ; 0
durand bn:04919129n ; 0 ; 0 ; 0 ; 0 ; 0.00793651 ; 0 ; 0 ; 0 ; 0
andreas bn:02288585n ; 0 ; 0 ; 0 ; 0 ; 0.00793651 ; 0 ; 0 ; 0 ; 0
dalton bn:00025070n ; 0 ; 0 ; 0 ; 0 ; 0.00793651 ; 0 ; 0 ; 0 ; 0
tr bn:03561884n ; 0 ; 0 ; 0 ; 0 ; 0.00793651 ; 0 ; 0 ; 0 ; 0
clef primaire bn:03542434n ; 0 ; 0 ; 0 ; 0 ; 0.015748 ; 0.0168067 ; 0 ; 0 ; 0
franz kafka bn:00036274n ; 0 ; 0 ; 0 ; 0 ; 0.00793651 ; 0 ; 0 ; 0 ; 0
cotes bn:01852996n ; 0 ; 0 ; 0 ; 0 ; 0.00793651 ; 0 ; 0 ; 0 ; 0
systématiquement bn:00114825r ; 0 ; 0 ; 0 ; 0 ; 0.00793651 ; 0 ; 0 ; 0 ; 0
injections bn:03211312n ; 0 ; 0 ; 0 ; 0 ; 0.00793651 ; 0 ; 0 ; 0 ; 0
injections sql bn:03319192n ; 0 ; 0 ; 0 ; 0 ; 0.00793651 ; 0 ; 0 ; 0 ; 0
essayer bn:00082844v ; 0 ; 0 ; 0 ; 0 ; 0.015748 ; 0.0168067 ; 0 ; 0 ; 0
code malveillant bn:01363738n ; 0 ; 0 ; 0 ; 0 ; 0.00793651 ; 0 ; 0 ; 0 ; 0
faille de sécurité bn:00080285n ; 0 ; 0 ; 0 ; 0 ; 0.00793651 ; 0 ; 0 ; 0 ; 0
html5 bn:03675085n ; 0 ; 0 ; 0 ; 0 ; 0.00793651 ; 0 ; 0 ; 0 ; 0
être valables bn:00082706v ; 0 ; 0 ; 0 ; 0 ; 0.00793651 ; 0 ; 0 ; 0 ; 0
injection de code bn:00184104n ; 0 ; 0 ; 0 ; 0 ; 0.00793651 ; 0 ; 0 ; 0 ; 0
système d’information bn:00025331n ; 0 ; 0 ; 0 ; 0 ; 0.00793651 ; 0 ; 0 ; 0 ; 0
credit bn:00022100n ; 0 ; 0 ; 0 ; 0 ; 0.00793651 ; 0 ; 0 ; 0 ; 0
depot bn:03854733n ; 0 ; 0 ; 0 ; 0 ; 0.015748 ; 0.0168067 ; 0 ; 0 ; 0
commit bn:00085426v ; 0 ; 0 ; 0 ; 0 ; 0.00793651 ; 0 ; 0 ; 0 ; 0
réutilisé bn:00092558v ; 0 ; 0 ; 0 ; 0 ; 0.0310078 ; 0.0330579 ; 0 ; 0 ; 0.0307692
action bn:00001127n ; 0 ; 0 ; 0 ; 0 ; 0.00793651 ; 0 ; 0 ; 0 ; 0
courant bn:00024510n ; 0 ; 0 ; 0 ; 0 ; 0.00793651 ; 0 ; 0 ; 0 ; 0
csrf bn:14277211n ; 0 ; 0 ; 0 ; 0 ; 0.00793651 ; 0 ; 0 ; 0 ; 0
temporaire bn:00105439a ; 0 ; 0 ; 0 ; 0 ; 0.00793651 ; 0 ; 0 ; 0 ; 0
django bn:01551307n ; 0 ; 0 ; 0 ; 0 ; 0.00793651 ; 0 ; 0 ; 0 ; 0
flask bn:14887813n ; 0 ; 0 ; 0 ; 0 ; 0.00793651 ; 0 ; 0 ; 0 ; 0
token bn:00050895n ; 0 ; 0 ; 0 ; 0 ; 0.00793651 ; 0 ; 0 ; 0 ; 0
svg bn:02136503n ; 0 ; 0 ; 0 ; 0 ; 0.00793651 ; 0 ; 0 ; 0 ; 0
mathml bn:03313895n ; 0 ; 0 ; 0 ; 0 ; 0.00793651 ; 0 ; 0 ; 0 ; 0
document object model bn:03762301n ; 0 ; 0 ; 0 ; 0 ; 0.00793651 ; 0 ; 0 ; 0 ; 0
document xml bn:04725671n ; 0 ; 0 ; 0 ; 0 ; 0.00793651 ; 0 ; 0 ; 0 ; 0
bas niveau bn:01163629n ; 0 ; 0 ; 0 ; 0 ; 0.00793651 ; 0 ; 0 ; 0 ; 0
programme tv bn:00076429n ; 0 ; 0 ; 0 ; 0 ; 0.00793651 ; 0 ; 0 ; 0 ; 0
tv bn:00076373n ; 0 ; 0 ; 0 ; 0 ; 0.00793651 ; 0 ; 0 ; 0 ; 0
debut bn:01247692n ; 0 ; 0 ; 0 ; 0 ; 0.00793651 ; 0 ; 0 ; 0 ; 0
smith bn:15137150n ; 0 ; 0 ; 0 ; 0 ; 0.00793651 ; 0 ; 0 ; 0 ; 0
realisateur bn:00027369n ; 0 ; 0 ; 0 ; 0 ; 0.00793651 ; 0 ; 0 ; 0 ; 0
dutchman bn:03862910n ; 0 ; 0 ; 0 ; 0 ; 0.00793651 ; 0 ; 0 ; 0 ; 0
johnny guitar bn:00554585n ; 0 ; 0 ; 0 ; 0 ; 0.00793651 ; 0 ; 0 ; 0 ; 0
guitar bn:00281486n ; 0 ; 0 ; 0 ; 0 ; 0.00793651 ; 0 ; 0 ; 0 ; 0
woman under the influence bn:03640247n ; 0 ; 0 ; 0 ; 0 ; 0.00793651 ; 0 ; 0 ; 0 ; 0
victor/victoria bn:01767778n ; 0 ; 0 ; 0 ; 0 ; 0.00793651 ; 0 ; 0 ; 0 ; 0
simplexml bn:15053361n ; 0 ; 0 ; 0 ; 0 ; 0.00793651 ; 0 ; 0 ; 0 ; 0
the flying dutchman bn:16075739n ; 0 ; 0 ; 0 ; 0 ; 0.00793651 ; 0 ; 0 ; 0 ; 0
jour de fête bn:15946696n ; 0 ; 0 ; 0 ; 0 ; 0.00793651 ; 0 ; 0 ; 0 ; 0
controleur bn:00022289n ; 0 ; 0 ; 0 ; 0 ; 0.00793651 ; 0 ; 0 ; 0 ; 0
composants bn:00021396n ; 0 ; 0 ; 0 ; 0 ; 0.00793651 ; 0 ; 0 ; 0 ; 0
version bn:00047114n ; 0 ; 0 ; 0 ; 0 ; 0.015748 ; 0.0168067 ; 0 ; 0 ; 0
framework web bn:01653710n ; 0 ; 0 ; 0 ; 0 ; 0.00793651 ; 0 ; 0 ; 0 ; 0
cd bn:00016915n ; 0 ; 0 ; 0 ; 0 ; 0.015748 ; 0.0168067 ; 0 ; 0 ; 0
menu bn:00021485n ; 0 ; 0 ; 0 ; 0 ; 0.015748 ; 0.0168067 ; 0 ; 0 ; 0
poisson bn:00062612n ; 0 ; 0 ; 0 ; 0 ; 0.00793651 ; 0 ; 0 ; 0 ; 0
catch bn:00037180n ; 0 ; 0 ; 0 ; 0 ; 0.00793651 ; 0 ; 0 ; 0 ; 0
routage bn:01926016n ; 0 ; 0 ; 0 ; 0 ; 0.00793651 ; 0 ; 0 ; 0 ; 0
familiariser bn:00082274v ; 0 ; 0 ; 0 ; 0 ; 0.00793651 ; 0 ; 0 ; 0 ; 0
micro-noyau bn:15964004n ; 0 ; 0 ; 0 ; 0 ; 0.00793651 ; 0 ; 0 ; 0 ; 0
package bn:01408374n ; 0 ; 0 ; 0 ; 0 ; 0.00793651 ; 0 ; 0 ; 0 ; 0
courantes bn:00107963a ; 0 ; 0 ; 0 ; 0 ; 0.00793651 ; 0 ; 0 ; 0 ; 0
bin bn:00000199n ; 0 ; 0 ; 0 ; 0 ; 0.00793651 ; 0 ; 0 ; 0 ; 0
répertoire de travail bn:00826363n ; 0 ; 0 ; 0 ; 0 ; 0.00793651 ; 0 ; 0 ; 0 ; 0
log bn:00051830n ; 0 ; 0 ; 0 ; 0 ; 0.00793651 ; 0 ; 0 ; 0 ; 0
flex bn:00337264n ; 0 ; 0 ; 0 ; 0 ; 0.00793651 ; 0 ; 0 ; 0 ; 0
test driven development bn:02924470n ; 0 ; 0 ; 0 ; 0 ; 0.00793651 ; 0 ; 0 ; 0 ; 0
avant bn:00035855n ; 0 ; 0 ; 0 ; 0 ; 0.015748 ; 0 ; 0 ; 0 ; 0.015625
méthodologie bn:00054633n ; 0 ; 0 ; 0 ; 0 ; 0.00793651 ; 0 ; 0 ; 0 ; 0
spécification bn:00073217n ; 0 ; 0 ; 0 ; 0 ; 0.015748 ; 0 ; 0 ; 0 ; 0.015625
junit bn:00861107n ; 0 ; 0 ; 0 ; 0 ; 0.00793651 ; 0 ; 0 ; 0 ; 0
phpunit bn:00980999n ; 0 ; 0 ; 0 ; 0 ; 0.00793651 ; 0 ; 0 ; 0 ; 0
sommes bn:00082322v ; 0 ; 0 ; 0 ; 0 ; 0.015748 ; 0 ; 0 ; 0 ; 0.015625
librairie bn:00050969n ; 0 ; 0 ; 0 ; 0 ; 0.0310078 ; 0.0330579 ; 0 ; 0.043956 ; 0
mettre en place bn:00088250v ; 0 ; 0 ; 0 ; 0 ; 0.00793651 ; 0 ; 0 ; 0 ; 0
architecture rest bn:03799604n ; 0 ; 0 ; 0 ; 0 ; 0.00793651 ; 0 ; 0 ; 0 ; 0
transfer bn:03128918n ; 0 ; 0 ; 0 ; 0 ; 0.00793651 ; 0 ; 0 ; 0 ; 0
logique métier bn:00795795n ; 0 ; 0 ; 0 ; 0 ; 0.00793651 ; 0 ; 0 ; 0 ; 0
json bn:00802141n ; 0 ; 0 ; 0 ; 0 ; 0.00793651 ; 0 ; 0 ; 0 ; 0
js bn:15539067n ; 0 ; 0 ; 0 ; 0 ; 0.00793651 ; 0 ; 0 ; 0 ; 0
rich internet application bn:00268208n ; 0 ; 0 ; 0 ; 0 ; 0.00793651 ; 0 ; 0 ; 0 ; 0
patch bn:00060970n ; 0 ; 0 ; 0 ; 0 ; 0.00793651 ; 0 ; 0 ; 0 ; 0
soap bn:02284891n ; 0 ; 0 ; 0 ; 0 ; 0.00793651 ; 0 ; 0 ; 0 ; 0
principe bn:00064428n ; 0 ; 0 ; 0 ; 0 ; 0.00793651 ; 0 ; 0 ; 0 ; 0
roy fielding bn:00949159n ; 0 ; 0 ; 0 ; 0 ; 0.00793651 ; 0 ; 0 ; 0 ; 0
thèse bn:00027718n ; 0 ; 0 ; 0 ; 0 ; 0.00793651 ; 0 ; 0 ; 0 ; 0
séparation bn:00070542n ; 0 ; 0 ; 0 ; 0 ; 0.015748 ; 0.0168067 ; 0 ; 0 ; 0
code serveur bn:16078281n ; 0 ; 0 ; 0 ; 0 ; 0.00793651 ; 0 ; 0 ; 0 ; 0
description bn:04723965n ; 0 ; 0 ; 0 ; 0 ; 0.015748 ; 0.0168067 ; 0 ; 0 ; 0
mémorisation bn:00021038n ; 0 ; 0 ; 0 ; 0 ; 0.00793651 ; 0 ; 0 ; 0 ; 0
contact bn:00085696v ; 0 ; 0 ; 0 ; 0 ; 0.00793651 ; 0 ; 0 ; 0 ; 0
creation bn:03599511n ; 0 ; 0 ; 0 ; 0 ; 0.00793651 ; 0 ; 0 ; 0 ; 0
détails bn:00067417n ; 0 ; 0 ; 0 ; 0 ; 0.015748 ; 0.0168067 ; 0 ; 0 ; 0
avérer bn:00095117v ; 0 ; 0 ; 0 ; 0 ; 0.00793651 ; 0 ; 0 ; 0 ; 0
root bn:00168023n ; 0 ; 0 ; 0 ; 0 ; 0.015748 ; 0 ; 0 ; 0 ; 0.015625
voter bn:00008198n ; 0 ; 0 ; 0 ; 0 ; 0.00793651 ; 0 ; 0 ; 0 ; 0
mobile bn:00017029n ; 0 ; 0 ; 0 ; 0 ; 0.00793651 ; 0 ; 0 ; 0 ; 0
informatique bn:00021494n ; 0 ; 0 ; 0 ; 0 ; 0.015748 ; 0.0168067 ; 0 ; 0 ; 0
initialisation bn:00046781n ; 0 ; 0 ; 0 ; 0 ; 0.00793651 ; 0 ; 0 ; 0 ; 0
gitlab bn:14257471n ; 0 ; 0 ; 0 ; 0 ; 0.00793651 ; 0 ; 0 ; 0 ; 0
bitbucket bn:01444337n ; 0 ; 0 ; 0 ; 0 ; 0.00793651 ; 0 ; 0 ; 0 ; 0
github bn:01101521n ; 0 ; 0 ; 0 ; 0 ; 0.00793651 ; 0 ; 0 ; 0 ; 0
revue bn:00052671n ; 0 ; 0 ; 0 ; 0 ; 0.00793651 ; 0 ; 0 ; 0 ; 0
gestion de version bn:03364124n ; 0 ; 0 ; 0 ; 0 ; 0.00793651 ; 0 ; 0 ; 0 ; 0
professionnelle bn:00109068a ; 0 ; 0 ; 0 ; 0 ; 0.00793651 ; 0 ; 0 ; 0 ; 0
historique bn:00104223a ; 0 ; 0 ; 0 ; 0 ; 0.00793651 ; 0 ; 0 ; 0 ; 0
dominique bn:00021210n ; 0 ; 0 ; 0 ; 0 ; 0 ; 0.00847458 ; 0 ; 0 ; 0
novembre bn:00058192n ; 0 ; 0 ; 0 ; 0 ; 0 ; 0.00847458 ; 0 ; 0 ; 0
document bn:00087138v ; 0 ; 0 ; 0 ; 0 ; 0 ; 0.00847458 ; 0 ; 0 ; 0
gnu bn:00324017n ; 0 ; 0 ; 0 ; 0 ; 0 ; 0.00847458 ; 0 ; 0 ; 0
gnu fdl bn:01157394n ; 0 ; 0 ; 0 ; 0 ; 0 ; 0.00847458 ; 0 ; 0 ; 0
langage intermédiaires bn:00350794n ; 0 ; 0 ; 0 ; 0 ; 0 ; 0.00847458 ; 0 ; 0 ; 0
faq bn:00033653n ; 0 ; 0 ; 0 ; 0 ; 0 ; 0.00847458 ; 0 ; 0 ; 0
préliminaire bn:00108949a ; 0 ; 0 ; 0 ; 0 ; 0 ; 0.00847458 ; 0 ; 0 ; 0
postgresql bn:01709156n ; 0 ; 0 ; 0 ; 0 ; 0 ; 0.0168067 ; 0 ; 0 ; 0.015625
pear bn:03735126n ; 0 ; 0 ; 0 ; 0 ; 0 ; 0.00847458 ; 0 ; 0 ; 0
dbx bn:03185121n ; 0 ; 0 ; 0 ; 0 ; 0 ; 0.00847458 ; 0 ; 0 ; 0
news bn:03357706n ; 0 ; 0 ; 0 ; 0 ; 0 ; 0.00847458 ; 0 ; 0 ; 0
manipulation bn:00053225n ; 0 ; 0 ; 0 ; 0 ; 0 ; 0.00847458 ; 0 ; 0 ; 0
accueil bn:00044514n ; 0 ; 0 ; 0 ; 0 ; 0 ; 0.00847458 ; 0 ; 0 ; 0
étude de cas bn:02395950n ; 0 ; 0 ; 0 ; 0 ; 0 ; 0.00847458 ; 0 ; 0 ; 0
évaluation bn:00031973n ; 0 ; 0 ; 0 ; 0 ; 0 ; 0.00847458 ; 0 ; 0 ; 0
généalogie bn:00033524n ; 0 ; 0 ; 0 ; 0 ; 0 ; 0.00847458 ; 0 ; 0 ; 0
généralité bn:00037670n ; 0 ; 0 ; 0 ; 0 ; 0 ; 0.00847458 ; 0 ; 0 ; 0
optimisation bn:01564896n ; 0 ; 0 ; 0 ; 0 ; 0 ; 0.00847458 ; 0 ; 0 ; 0
fonctionnement bn:00059128n ; 0 ; 0 ; 0 ; 0 ; 0 ; 0.00847458 ; 0 ; 0 ; 0
remarque bn:00020977n ; 0 ; 0 ; 0 ; 0 ; 0 ; 0.00847458 ; 0 ; 0 ; 0
traiter de bn:00083202v ; 0 ; 0 ; 0 ; 0 ; 0 ; 0.00847458 ; 0 ; 0 ; 0
aborder bn:00084117v ; 0 ; 0 ; 0 ; 0 ; 0 ; 0.00847458 ; 0 ; 0 ; 0
universitaires bn:00110169a ; 0 ; 0 ; 0 ; 0 ; 0 ; 0.00847458 ; 0 ; 0 ; 0
autonome bn:00097830a ; 0 ; 0 ; 0 ; 0 ; 0 ; 0.00847458 ; 0 ; 0 ; 0
logiciel bn:00021497n ; 0 ; 0 ; 0 ; 0 ; 0 ; 0.00847458 ; 0 ; 0 ; 0
docbook bn:03194644n ; 0 ; 0 ; 0 ; 0 ; 0 ; 0.00847458 ; 0 ; 0 ; 0
texte source bn:03152229n ; 0 ; 0 ; 0 ; 0 ; 0 ; 0.00847458 ; 0 ; 0 ; 0
emacs bn:01156253n ; 0 ; 0 ; 0 ; 0 ; 0 ; 0.00847458 ; 0 ; 0 ; 0
disponible bn:00097848a ; 0 ; 0 ; 0 ; 0 ; 0 ; 0.00847458 ; 0 ; 0 ; 0
seul bn:00110667a ; 0 ; 0 ; 0 ; 0 ; 0 ; 0.00847458 ; 0 ; 0 ; 0
langage naturels bn:00056990n ; 0 ; 0 ; 0 ; 0 ; 0 ; 0.00847458 ; 0 ; 0 ; 0
processeur bn:00014395n ; 0 ; 0 ; 0 ; 0 ; 0 ; 0.00847458 ; 0 ; 0 ; 0
réécrire bn:00092997v ; 0 ; 0 ; 0 ; 0 ; 0 ; 0.00847458 ; 0 ; 0 ; 0
portabilité bn:03720519n ; 0 ; 0 ; 0 ; 0 ; 0 ; 0.00847458 ; 0 ; 0 ; 0
langage compilés bn:00981689n ; 0 ; 0 ; 0 ; 0 ; 0 ; 0.00847458 ; 0 ; 0 ; 0
intelligible bn:00097389a ; 0 ; 0 ; 0 ; 0 ; 0 ; 0.00847458 ; 0 ; 0 ; 0
point de vue bn:00063237n ; 0 ; 0 ; 0 ; 0 ; 0 ; 0.00847458 ; 0 ; 0 ; 0
auxiliaire bn:00007423n ; 0 ; 0 ; 0 ; 0 ; 0 ; 0.00847458 ; 0 ; 0 ; 0
mesure bn:00090716v ; 0 ; 0 ; 0 ; 0 ; 0 ; 0.00847458 ; 0 ; 0 ; 0
compilé bn:00085470v ; 0 ; 0 ; 0 ; 0 ; 0 ; 0.00847458 ; 0 ; 0 ; 0
confidentialité bn:00021748n ; 0 ; 0 ; 0 ; 0 ; 0 ; 0.00847458 ; 0 ; 0 ; 0
paiement bn:00061119n ; 0 ; 0 ; 0 ; 0 ; 0 ; 0.00847458 ; 0 ; 0 ; 0
paiement en ligne bn:05011741n ; 0 ; 0 ; 0 ; 0 ; 0 ; 0.00847458 ; 0 ; 0 ; 0
lisp bn:00051502n ; 0 ; 0 ; 0 ; 0 ; 0 ; 0.00847458 ; 0 ; 0 ; 0
applets bn:00005083n ; 0 ; 0 ; 0 ; 0 ; 0 ; 0.00847458 ; 0 ; 0 ; 0
flash bn:01369336n ; 0 ; 0 ; 0 ; 0 ; 0 ; 0.00847458 ; 0 ; 0 ; 0
problématique bn:00097982a ; 0 ; 0 ; 0 ; 0 ; 0 ; 0.00847458 ; 0 ; 0 ; 0
contrôle de sécurité bn:03784539n ; 0 ; 0 ; 0 ; 0 ; 0 ; 0.00847458 ; 0 ; 0 ; 0
validité bn:01410980n ; 0 ; 0 ; 0 ; 0 ; 0 ; 0.00847458 ; 0 ; 0 ; 0
être extrait bn:00087897v ; 0 ; 0 ; 0 ; 0 ; 0 ; 0.00847458 ; 0 ; 0 ; 0
outil de développement bn:03072994n ; 0 ; 0 ; 0 ; 0 ; 0 ; 0.00847458 ; 0 ; 0 ; 0
application web bn:02246184n ; 0 ; 0 ; 0 ; 0 ; 0 ; 0.0330579 ; 0 ; 0.043956 ; 0.0307692
tant bn:00114490r ; 0 ; 0 ; 0 ; 0 ; 0 ; 0.00847458 ; 0 ; 0 ; 0
cas particulier bn:02482901n ; 0 ; 0 ; 0 ; 0 ; 0 ; 0.00847458 ; 0 ; 0 ; 0
générale bn:00103507a ; 0 ; 0 ; 0 ; 0 ; 0 ; 0.00847458 ; 0 ; 0 ; 0
quelconques bn:00097433a ; 0 ; 0 ; 0 ; 0 ; 0 ; 0.00847458 ; 0 ; 0 ; 0
classiques bn:00019566n ; 0 ; 0 ; 0 ; 0 ; 0 ; 0.00847458 ; 0 ; 0 ; 0
inférieur bn:00035700n ; 0 ; 0 ; 0 ; 0 ; 0 ; 0.0168067 ; 0 ; 0 ; 0.015625
table de multiplication bn:03381903n ; 0 ; 0 ; 0 ; 0 ; 0 ; 0.00847458 ; 0 ; 0 ; 0
factorielles bn:00032673n ; 0 ; 0 ; 0 ; 0 ; 0 ; 0.00847458 ; 0 ; 0 ; 0
enfant bn:00018346n ; 0 ; 0 ; 0 ; 0 ; 0 ; 0.00847458 ; 0 ; 0 ; 0
common gateway interface bn:03588331n ; 0 ; 0 ; 0 ; 0 ; 0 ; 0.00847458 ; 0 ; 0 ; 0
pouvoir bn:00084451v ; 0 ; 0 ; 0 ; 0 ; 0 ; 0.0168067 ; 0 ; 0 ; 0.015625
après bn:00114165r ; 0 ; 0 ; 0 ; 0 ; 0 ; 0.00847458 ; 0 ; 0 ; 0
clic bn:00019758n ; 0 ; 0 ; 0 ; 0 ; 0 ; 0.00847458 ; 0 ; 0 ; 0
exclusifs bn:00102512a ; 0 ; 0 ; 0 ; 0 ; 0 ; 0.00847458 ; 0 ; 0 ; 0
phrase bn:00070528n ; 0 ; 0 ; 0 ; 0 ; 0 ; 0.00847458 ; 0 ; 0 ; 0
bébé bn:00007630n ; 0 ; 0 ; 0 ; 0 ; 0 ; 0.00847458 ; 0 ; 0 ; 0
distance bn:00027749n ; 0 ; 0 ; 0 ; 0 ; 0 ; 0.00847458 ; 0 ; 0 ; 0
vrai bn:00078452n ; 0 ; 0 ; 0 ; 0 ; 0 ; 0.00847458 ; 0 ; 0 ; 0
nom de personne bn:03150299n ; 0 ; 0 ; 0 ; 0 ; 0 ; 0.00847458 ; 0 ; 0 ; 0
permis de chasse bn:00037195n ; 0 ; 0 ; 0 ; 0 ; 0 ; 0.00847458 ; 0 ; 0 ; 0
capital bn:00015496n ; 0 ; 0 ; 0 ; 0 ; 0 ; 0.00847458 ; 0 ; 0 ; 0
coûter bn:00083193v ; 0 ; 0 ; 0 ; 0 ; 0 ; 0.00847458 ; 0 ; 0 ; 0
groupe bn:00041942n ; 0 ; 0 ; 0 ; 0 ; 0 ; 0.00847458 ; 0 ; 0 ; 0
incomplète bn:00104851a ; 0 ; 0 ; 0 ; 0 ; 0 ; 0.00847458 ; 0 ; 0 ; 0
devinette bn:00012686n ; 0 ; 0 ; 0 ; 0 ; 0 ; 0.00847458 ; 0 ; 0 ; 0
manipulation bn:00042822n ; 0 ; 0 ; 0 ; 0 ; 0 ; 0.00847458 ; 0 ; 0 ; 0
string bn:00050078n ; 0 ; 0 ; 0 ; 0 ; 0 ; 0.00847458 ; 0 ; 0 ; 0
matrice bn:00053849n ; 0 ; 0 ; 0 ; 0 ; 0 ; 0.00847458 ; 0 ; 0 ; 0
boucle for bn:03237322n ; 0 ; 0 ; 0 ; 0 ; 0 ; 0.0330579 ; 0 ; 0.043956 ; 0.0307692
couple bn:00012597n ; 0 ; 0 ; 0 ; 0 ; 0 ; 0.0168067 ; 0.0240964 ; 0 ; 0
hoaxbuster bn:04764839n ; 0 ; 0 ; 0 ; 0 ; 0 ; 0.00847458 ; 0 ; 0 ; 0
virus bn:00021501n ; 0 ; 0 ; 0 ; 0 ; 0 ; 0.00847458 ; 0 ; 0 ; 0
e-mail bn:00029345n ; 0 ; 0 ; 0 ; 0 ; 0 ; 0.00847458 ; 0 ; 0 ; 0
identifier bn:00089575v ; 0 ; 0 ; 0 ; 0 ; 0 ; 0.00847458 ; 0 ; 0 ; 0
xxvii bn:00000091n ; 0 ; 0 ; 0 ; 0 ; 0 ; 0.00847458 ; 0 ; 0 ; 0
pilote bn:00026721n ; 0 ; 0 ; 0 ; 0 ; 0 ; 0.00847458 ; 0 ; 0 ; 0
fonction de base bn:03294262n ; 0 ; 0 ; 0 ; 0 ; 0 ; 0.00847458 ; 0 ; 0 ; 0
migration bn:00261245n ; 0 ; 0 ; 0 ; 0 ; 0 ; 0.00847458 ; 0 ; 0 ; 0
comme bn:00117173r ; 0 ; 0 ; 0 ; 0 ; 0 ; 0.0168067 ; 0 ; 0 ; 0.015625
adodb bn:00868267n ; 0 ; 0 ; 0 ; 0 ; 0 ; 0.00847458 ; 0 ; 0 ; 0
metadata bn:00054548n ; 0 ; 0 ; 0 ; 0 ; 0 ; 0.00847458 ; 0 ; 0 ; 0
mssql bn:00605043n ; 0 ; 0 ; 0 ; 0 ; 0 ; 0.0168067 ; 0 ; 0 ; 0.015625
firebird bn:02246711n ; 0 ; 0 ; 0 ; 0 ; 0 ; 0.0168067 ; 0 ; 0 ; 0.015625
informix bn:03306725n ; 0 ; 0 ; 0 ; 0 ; 0 ; 0.0168067 ; 0 ; 0 ; 0.015625
odbc bn:14228731n ; 0 ; 0 ; 0 ; 0 ; 0 ; 0.00847458 ; 0 ; 0 ; 0
clore bn:00087609v ; 0 ; 0 ; 0 ; 0 ; 0 ; 0.00847458 ; 0 ; 0 ; 0
explicitement bn:00115285r ; 0 ; 0 ; 0 ; 0 ; 0 ; 0.00847458 ; 0 ; 0 ; 0
ansi bn:03507104n ; 0 ; 0 ; 0 ; 0 ; 0 ; 0.00847458 ; 0 ; 0 ; 0
homogène bn:00104286a ; 0 ; 0 ; 0 ; 0 ; 0 ; 0.00847458 ; 0 ; 0 ; 0
adresse mail bn:02312462n ; 0 ; 0 ; 0 ; 0 ; 0 ; 0.00847458 ; 0 ; 0 ; 0
copier-coller bn:00797466n ; 0 ; 0 ; 0 ; 0 ; 0 ; 0.00847458 ; 0 ; 0 ; 0
rendre bn:00067105n ; 0 ; 0 ; 0 ; 0 ; 0 ; 0.00847458 ; 0 ; 0 ; 0
détecter bn:00086708v ; 0 ; 0 ; 0 ; 0 ; 0 ; 0.00847458 ; 0 ; 0 ; 0
envier bn:00083351v ; 0 ; 0 ; 0 ; 0 ; 0 ; 0.00847458 ; 0 ; 0 ; 0
souhaitable bn:00101237a ; 0 ; 0 ; 0 ; 0 ; 0 ; 0.00847458 ; 0 ; 0 ; 0
force brute bn:00149736n ; 0 ; 0 ; 0 ; 0 ; 0 ; 0.00847458 ; 0 ; 0 ; 0
bc bn:15403265n ; 0 ; 0 ; 0 ; 0 ; 0 ; 0.00847458 ; 0 ; 0 ; 0
temps de calcul bn:00068589n ; 0 ; 0 ; 0 ; 0 ; 0 ; 0.00847458 ; 0 ; 0 ; 0
compliquer bn:00085483v ; 0 ; 0 ; 0 ; 0 ; 0 ; 0.00847458 ; 0 ; 0 ; 0
chaîne littérale bn:01271375n ; 0 ; 0 ; 0 ; 0 ; 0 ; 0.00847458 ; 0 ; 0 ; 0
tex bn:02362481n ; 0 ; 0 ; 0 ; 0 ; 0 ; 0.00847458 ; 0 ; 0 ; 0
alex bn:03665083n ; 0 ; 0 ; 0 ; 0 ; 0 ; 0.00847458 ; 0 ; 0 ; 0
thomas bn:00005240n ; 0 ; 0 ; 0 ; 0 ; 0 ; 0.00847458 ; 0 ; 0 ; 0
avoir envie de bn:00088107v ; 0 ; 0 ; 0 ; 0 ; 0 ; 0.00847458 ; 0 ; 0 ; 0
fonctionnalité bn:00036836n ; 0 ; 0 ; 0 ; 0 ; 0 ; 0.00847458 ; 0 ; 0 ; 0
archiver bn:00005448n ; 0 ; 0 ; 0 ; 0 ; 0 ; 0.00847458 ; 0 ; 0 ; 0
stocker bn:00089368v ; 0 ; 0 ; 0 ; 0 ; 0 ; 0.00847458 ; 0 ; 0 ; 0
particulier bn:00073185n ; 0 ; 0 ; 0 ; 0 ; 0 ; 0.00847458 ; 0 ; 0 ; 0
data source name bn:03804134n ; 0 ; 0 ; 0 ; 0 ; 0 ; 0.00847458 ; 0 ; 0 ; 0
héberger bn:00082216v ; 0 ; 0 ; 0 ; 0 ; 0 ; 0.0168067 ; 0 ; 0 ; 0.015625
légèrement bn:00116111r ; 0 ; 0 ; 0 ; 0 ; 0 ; 0.00847458 ; 0 ; 0 ; 0
configurer bn:00085667v ; 0 ; 0 ; 0 ; 0 ; 0 ; 0.00847458 ; 0 ; 0 ; 0
affichage bn:00027675n ; 0 ; 0 ; 0 ; 0 ; 0 ; 0.00847458 ; 0 ; 0 ; 0
tel bn:00000005n ; 0 ; 0 ; 0 ; 0 ; 0 ; 0.00847458 ; 0 ; 0 ; 0
fax bn:00032653n ; 0 ; 0 ; 0 ; 0 ; 0 ; 0.00847458 ; 0 ; 0 ; 0
guise bn:00000146n ; 0 ; 0 ; 0 ; 0 ; 0 ; 0.00847458 ; 0 ; 0 ; 0
bcd bn:16690020n ; 0 ; 0 ; 0 ; 0 ; 0 ; 0.00847458 ; 0 ; 0 ; 0
sous-répertoire bn:00074880n ; 0 ; 0 ; 0 ; 0 ; 0 ; 0.00847458 ; 0 ; 0 ; 0
article de presse bn:14993780n ; 0 ; 0 ; 0 ; 0 ; 0 ; 0.00847458 ; 0 ; 0 ; 0
copier bn:00022534n ; 0 ; 0 ; 0 ; 0 ; 0 ; 0.00847458 ; 0 ; 0 ; 0
horizontale bn:00104328a ; 0 ; 0 ; 0 ; 0 ; 0 ; 0.00847458 ; 0 ; 0 ; 0
fin de paragraphe bn:03475717n ; 0 ; 0 ; 0 ; 0 ; 0 ; 0.00847458 ; 0 ; 0 ; 0
système d’exploitation bn:00059123n ; 0 ; 0 ; 0 ; 0 ; 0 ; 0.0168067 ; 0 ; 0 ; 0.015625
disquette bn:00027619n ; 0 ; 0 ; 0 ; 0 ; 0 ; 0.00847458 ; 0 ; 0 ; 0
mini-site bn:00251724n ; 0 ; 0 ; 0 ; 0 ; 0 ; 0.00847458 ; 0 ; 0 ; 0
accès libre bn:04691509n ; 0 ; 0 ; 0 ; 0 ; 0 ; 0.00847458 ; 0 ; 0 ; 0
libre bn:00099806a ; 0 ; 0 ; 0 ; 0 ; 0 ; 0.00847458 ; 0 ; 0 ; 0
numéro de téléphone bn:00058286n ; 0 ; 0 ; 0 ; 0 ; 0 ; 0.00847458 ; 0 ; 0 ; 0
téléphone bn:00062020n ; 0 ; 0 ; 0 ; 0 ; 0 ; 0.00847458 ; 0 ; 0 ; 0
énoncé bn:00087699v ; 0 ; 0 ; 0 ; 0 ; 0 ; 0.00847458 ; 0 ; 0 ; 0
punition bn:00061325n ; 0 ; 0 ; 0 ; 0 ; 0 ; 0.00847458 ; 0 ; 0 ; 0
récursive bn:00109560a ; 0 ; 0 ; 0 ; 0 ; 0 ; 0.0168067 ; 0 ; 0 ; 0.015625
retour bn:00046318n ; 0 ; 0 ; 0 ; 0 ; 0 ; 0.00847458 ; 0 ; 0 ; 0
or bn:00006911n ; 0 ; 0 ; 0 ; 0 ; 0 ; 0.00847458 ; 0 ; 0 ; 0
compléter bn:00085479v ; 0 ; 0 ; 0 ; 0 ; 0 ; 0.00847458 ; 0 ; 0 ; 0
féminin bn:00102884a ; 0 ; 0 ; 0 ; 0 ; 0 ; 0.00847458 ; 0 ; 0 ; 0
chasse bn:00045245n ; 0 ; 0 ; 0 ; 0 ; 0 ; 0.00847458 ; 0 ; 0 ; 0
chiens bn:00015267n ; 0 ; 0 ; 0 ; 0 ; 0 ; 0.00847458 ; 0 ; 0 ; 0
amis bn:00036538n ; 0 ; 0 ; 0 ; 0 ; 0 ; 0.00847458 ; 0 ; 0 ; 0
interdit bn:04029035n ; 0 ; 0 ; 0 ; 0 ; 0 ; 0.00847458 ; 0 ; 0 ; 0
limiter bn:00086468v ; 0 ; 0 ; 0 ; 0 ; 0 ; 0.0168067 ; 0 ; 0.0224719 ; 0
triche bn:00017978n ; 0 ; 0 ; 0 ; 0 ; 0 ; 0.00847458 ; 0 ; 0 ; 0
pipotron bn:04723513n ; 0 ; 0 ; 0 ; 0 ; 0 ; 0.00847458 ; 0 ; 0 ; 0
égard bn:00031654n ; 0 ; 0 ; 0 ; 0 ; 0 ; 0.00847458 ; 0 ; 0 ; 0
dégradation bn:02639083n ; 0 ; 0 ; 0 ; 0 ; 0 ; 0.00847458 ; 0 ; 0 ; 0
convient bn:00094581v ; 0 ; 0 ; 0 ; 0 ; 0 ; 0.00847458 ; 0 ; 0 ; 0
anticiper bn:00082665v ; 0 ; 0 ; 0 ; 0 ; 0 ; 0.00847458 ; 0 ; 0 ; 0
préoccuper bn:00085522v ; 0 ; 0 ; 0 ; 0 ; 0 ; 0.00847458 ; 0 ; 0 ; 0
remémorer bn:00084413v ; 0 ; 0 ; 0 ; 0 ; 0 ; 0.00847458 ; 0 ; 0 ; 0
globalité bn:00031025n ; 0 ; 0 ; 0 ; 0 ; 0 ; 0.00847458 ; 0 ; 0 ; 0
possession bn:00059958n ; 0 ; 0 ; 0 ; 0 ; 0 ; 0.00847458 ; 0 ; 0 ; 0
bon sens bn:00021164n ; 0 ; 0 ; 0 ; 0 ; 0 ; 0.00847458 ; 0 ; 0 ; 0
correspondante bn:00096282a ; 0 ; 0 ; 0 ; 0 ; 0 ; 0.00847458 ; 0 ; 0 ; 0
onglets bn:00120018n ; 0 ; 0 ; 0 ; 0 ; 0 ; 0.00847458 ; 0 ; 0 ; 0
sciences bn:00069670n ; 0 ; 0 ; 0 ; 0 ; 0 ; 0.00847458 ; 0 ; 0 ; 0
chansons bn:00072794n ; 0 ; 0 ; 0 ; 0 ; 0 ; 0.00847458 ; 0 ; 0 ; 0
genre musicaux bn:00037743n ; 0 ; 0 ; 0 ; 0 ; 0 ; 0.00847458 ; 0 ; 0 ; 0
parole bn:00049911n ; 0 ; 0 ; 0 ; 0 ; 0 ; 0.00847458 ; 0 ; 0 ; 0
statistique bn:00074061n ; 0 ; 0 ; 0 ; 0 ; 0 ; 0.00847458 ; 0 ; 0 ; 0
droit d’auteur bn:03579896n ; 0 ; 0 ; 0 ; 0 ; 0 ; 0.00847458 ; 0 ; 0 ; 0
supprimer bn:00086081v ; 0 ; 0 ; 0 ; 0 ; 0 ; 0.0168067 ; 0 ; 0 ; 0.015625
paroles de chanson bn:03103700n ; 0 ; 0 ; 0 ; 0 ; 0 ; 0.00847458 ; 0 ; 0 ; 0
orthographe bn:00059588n ; 0 ; 0 ; 0 ; 0 ; 0 ; 0.00847458 ; 0 ; 0 ; 0
familiarisation bn:00032889n ; 0 ; 0 ; 0 ; 0 ; 0 ; 0.00847458 ; 0 ; 0 ; 0
créneau horaires bn:00072215n ; 0 ; 0 ; 0 ; 0 ; 0 ; 0.00847458 ; 0 ; 0 ; 0
pouvoir bn:00063940n ; 0 ; 0 ; 0 ; 0 ; 0 ; 0.00847458 ; 0 ; 0 ; 0
notification bn:00005139n ; 0 ; 0 ; 0 ; 0 ; 0 ; 0.00847458 ; 0 ; 0 ; 0
tableur bn:00073631n ; 0 ; 0 ; 0 ; 0 ; 0 ; 0.00847458 ; 0 ; 0 ; 0
dérouler bn:00085568v ; 0 ; 0 ; 0 ; 0 ; 0 ; 0.00847458 ; 0 ; 0 ; 0
rue bn:00074595n ; 0 ; 0 ; 0 ; 0 ; 0 ; 0.00847458 ; 0 ; 0 ; 0
seance bn:03262459n ; 0 ; 0 ; 0 ; 0 ; 0 ; 0.00847458 ; 0 ; 0 ; 0
club de tennis bn:00076523n ; 0 ; 0 ; 0 ; 0 ; 0 ; 0.00847458 ; 0 ; 0 ; 0
tennis bn:00050287n ; 0 ; 0 ; 0 ; 0 ; 0 ; 0.00847458 ; 0 ; 0 ; 0
défaire bn:00083247v ; 0 ; 0 ; 0 ; 0 ; 0 ; 0.00847458 ; 0 ; 0 ; 0
payer bn:00091494v ; 0 ; 0 ; 0 ; 0 ; 0 ; 0.00847458 ; 0 ; 0 ; 0
matériel bn:00021480n ; 0 ; 0 ; 0 ; 0 ; 0 ; 0.00847458 ; 0 ; 0 ; 0
civile bn:00099730a ; 0 ; 0 ; 0 ; 0 ; 0 ; 0.00847458 ; 0 ; 0 ; 0
clavier bn:00021482n ; 0 ; 0 ; 0 ; 0 ; 0 ; 0.00847458 ; 0 ; 0 ; 0
vol bn:00050004n ; 0 ; 0 ; 0 ; 0 ; 0 ; 0.00847458 ; 0 ; 0 ; 0
dégradation bn:03664474n ; 0 ; 0 ; 0 ; 0 ; 0 ; 0.00847458 ; 0 ; 0 ; 0
mettre en prison bn:00088673v ; 0 ; 0 ; 0 ; 0 ; 0 ; 0.00847458 ; 0 ; 0 ; 0
vainqueur bn:00079944n ; 0 ; 0 ; 0 ; 0 ; 0 ; 0.00847458 ; 0 ; 0 ; 0
logistiques bn:00051869n ; 0 ; 0 ; 0 ; 0 ; 0 ; 0.00847458 ; 0 ; 0 ; 0
match bn:00090698v ; 0 ; 0 ; 0 ; 0 ; 0 ; 0.00847458 ; 0 ; 0 ; 0
caravane bn:02932902n ; 0 ; 0 ; 0 ; 0 ; 0 ; 0.00847458 ; 0 ; 0 ; 0
branchement bn:00131727n ; 0 ; 0 ; 0 ; 0 ; 0 ; 0.00847458 ; 0 ; 0 ; 0
lit bn:00009472n ; 0 ; 0 ; 0 ; 0 ; 0 ; 0.00847458 ; 0 ; 0 ; 0
lit pliants bn:00015043n ; 0 ; 0 ; 0 ; 0 ; 0 ; 0.00847458 ; 0 ; 0 ; 0
nuit bn:00025236n ; 0 ; 0 ; 0 ; 0 ; 0 ; 0.00847458 ; 0 ; 0 ; 0
redevance bn:00068452n ; 0 ; 0 ; 0 ; 0 ; 0 ; 0.00847458 ; 0 ; 0 ; 0
véhicules bn:00079675n ; 0 ; 0 ; 0 ; 0 ; 0 ; 0.00847458 ; 0 ; 0 ; 0
courrier publicitaires bn:00027338n ; 0 ; 0 ; 0 ; 0 ; 0 ; 0.00847458 ; 0 ; 0 ; 0
publicitaires bn:00109098a ; 0 ; 0 ; 0 ; 0 ; 0 ; 0.00847458 ; 0 ; 0 ; 0
car bn:00007329n ; 0 ; 0 ; 0 ; 0 ; 0 ; 0.00847458 ; 0 ; 0 ; 0
réfrigérateur bn:00045744n ; 0 ; 0 ; 0 ; 0 ; 0 ; 0.00847458 ; 0 ; 0 ; 0
prestation bn:00064923n ; 0 ; 0 ; 0 ; 0 ; 0 ; 0.00847458 ; 0 ; 0 ; 0
localisation géographique bn:01504309n ; 0 ; 0 ; 0 ; 0 ; 0 ; 0.00847458 ; 0 ; 0 ; 0
téléphone bn:00084387v ; 0 ; 0 ; 0 ; 0 ; 0 ; 0.00847458 ; 0 ; 0 ; 0
entendre bn:00007120n ; 0 ; 0 ; 0 ; 0 ; 0 ; 0.00847458 ; 0 ; 0 ; 0
fin bn:00105751a ; 0 ; 0 ; 0 ; 0 ; 0 ; 0.00847458 ; 0 ; 0 ; 0
presque bn:00114079r ; 0 ; 0 ; 0 ; 0 ; 0 ; 0.00847458 ; 0 ; 0 ; 0
adhérents bn:00001362n ; 0 ; 0 ; 0 ; 0 ; 0 ; 0.00847458 ; 0 ; 0 ; 0
adhesion bn:00001361n ; 0 ; 0 ; 0 ; 0 ; 0 ; 0.00847458 ; 0 ; 0 ; 0
moindre bn:00105825a ; 0 ; 0 ; 0 ; 0 ; 0 ; 0.0168067 ; 0 ; 0 ; 0.015625
intuitive bn:00105365a ; 0 ; 0 ; 0 ; 0 ; 0 ; 0.00847458 ; 0 ; 0 ; 0
vital bn:00113642a ; 0 ; 0 ; 0 ; 0 ; 0 ; 0.00847458 ; 0 ; 0 ; 0
bibliothèque thématiques bn:00482485n ; 0 ; 0 ; 0 ; 0 ; 0 ; 0.00847458 ; 0 ; 0 ; 0
thématiques bn:00111800a ; 0 ; 0 ; 0 ; 0 ; 0 ; 0.00847458 ; 0 ; 0 ; 0
avantageront bn:00083414v ; 0 ; 0 ; 0 ; 0 ; 0 ; 0.00847458 ; 0 ; 0 ; 0
aphorisme bn:00004883n ; 0 ; 0 ; 0 ; 0 ; 0 ; 0.00847458 ; 0 ; 0 ; 0
logiciel libres bn:00182120n ; 0 ; 0 ; 0 ; 0 ; 0 ; 0.0168067 ; 0.0240964 ; 0 ; 0
décès bn:00025582n ; 0 ; 0 ; 0 ; 0 ; 0 ; 0.00847458 ; 0 ; 0 ; 0
seul bn:00114235r ; 0 ; 0 ; 0 ; 0 ; 0 ; 0.00847458 ; 0 ; 0 ; 0
lieu de naissance bn:00010686n ; 0 ; 0 ; 0 ; 0 ; 0 ; 0.00847458 ; 0 ; 0 ; 0
multimédia bn:00056283n ; 0 ; 0 ; 0 ; 0 ; 0 ; 0.00847458 ; 0 ; 0 ; 0
document officiel bn:00046963n ; 0 ; 0 ; 0 ; 0 ; 0 ; 0.00847458 ; 0 ; 0 ; 0
acte bn:00001077n ; 0 ; 0 ; 0 ; 0 ; 0 ; 0.00847458 ; 0 ; 0 ; 0
acte de naissance bn:00010670n ; 0 ; 0 ; 0 ; 0 ; 0 ; 0.00847458 ; 0 ; 0 ; 0
mariage bn:00053107n ; 0 ; 0 ; 0 ; 0 ; 0 ; 0.00847458 ; 0 ; 0 ; 0
minimales bn:00106755a ; 0 ; 0 ; 0 ; 0 ; 0 ; 0.00847458 ; 0 ; 0 ; 0
album bn:00002488n ; 0 ; 0 ; 0 ; 0 ; 0 ; 0.00847458 ; 0 ; 0 ; 0
photo bn:00062084n ; 0 ; 0 ; 0 ; 0 ; 0 ; 0.00847458 ; 0 ; 0 ; 0
import-export bn:15970061n ; 0 ; 0 ; 0 ; 0 ; 0 ; 0.00847458 ; 0 ; 0 ; 0
gedcom bn:02074085n ; 0 ; 0 ; 0 ; 0 ; 0 ; 0.00847458 ; 0 ; 0 ; 0
mormons bn:00019012n ; 0 ; 0 ; 0 ; 0 ; 0 ; 0.00847458 ; 0 ; 0 ; 0
nom complet bn:01700772n ; 0 ; 0 ; 0 ; 0 ; 0 ; 0.00847458 ; 0 ; 0 ; 0
jésus-christ bn:00018805n ; 0 ; 0 ; 0 ; 0 ; 0 ; 0.00847458 ; 0 ; 0 ; 0
logiciel de généalogie bn:01872393n ; 0 ; 0 ; 0 ; 0 ; 0 ; 0.00847458 ; 0 ; 0 ; 0
stocker bn:00095635v ; 0 ; 0 ; 0 ; 0 ; 0 ; 0.00847458 ; 0 ; 0 ; 0
maladies bn:00027546n ; 0 ; 0 ; 0 ; 0 ; 0 ; 0.00847458 ; 0 ; 0 ; 0
bonheur bn:00042905n ; 0 ; 0 ; 0 ; 0 ; 0 ; 0.00847458 ; 0 ; 0 ; 0
organisation bn:00059480n ; 0 ; 0 ; 0 ; 0 ; 0 ; 0.00847458 ; 0 ; 0 ; 0
part bn:00070912n ; 0 ; 0 ; 0 ; 0 ; 0 ; 0.00847458 ; 0 ; 0 ; 0
exception bn:00059781n ; 0 ; 0 ; 0 ; 0 ; 0 ; 0.00847458 ; 0 ; 0 ; 0
sexe bn:00037634n ; 0 ; 0 ; 0 ; 0 ; 0 ; 0.00847458 ; 0 ; 0 ; 0
gravite bn:00089032v ; 0 ; 0 ; 0 ; 0 ; 0 ; 0.00847458 ; 0 ; 0 ; 0
administratif bn:00096474a ; 0 ; 0 ; 0 ; 0 ; 0 ; 0.00847458 ; 0 ; 0 ; 0
besoin de savoir bn:03234470n ; 0 ; 0 ; 0 ; 0 ; 0 ; 0.00847458 ; 0 ; 0 ; 0
fier bn:00103467a ; 0 ; 0 ; 0 ; 0 ; 0 ; 0.00847458 ; 0 ; 0 ; 0
temps partiel bn:01038658n ; 0 ; 0 ; 0 ; 0 ; 0 ; 0.00847458 ; 0 ; 0 ; 0
partiel bn:00108290a ; 0 ; 0 ; 0 ; 0 ; 0 ; 0.00847458 ; 0 ; 0 ; 0
décharges bn:00086914v ; 0 ; 0 ; 0 ; 0 ; 0 ; 0.00847458 ; 0 ; 0 ; 0
contrat bn:00022227n ; 0 ; 0 ; 0 ; 0 ; 0 ; 0.00847458 ; 0 ; 0 ; 0
libre accès bn:03097420n ; 0 ; 0 ; 0 ; 0 ; 0 ; 0.00847458 ; 0 ; 0 ; 0
enseignant bn:00089791v ; 0 ; 0 ; 0 ; 0 ; 0 ; 0.00847458 ; 0 ; 0 ; 0
vacataires bn:05008890n ; 0 ; 0 ; 0 ; 0 ; 0 ; 0.00847458 ; 0 ; 0 ; 0
deug bn:02806247n ; 0 ; 0 ; 0 ; 0 ; 0 ; 0.00847458 ; 0 ; 0 ; 0
service bn:00070651n ; 0 ; 0 ; 0 ; 0 ; 0 ; 0.00847458 ; 0 ; 0 ; 0
semestre bn:00000561n ; 0 ; 0 ; 0 ; 0 ; 0 ; 0.00847458 ; 0 ; 0 ; 0
universitaires bn:00096228a ; 0 ; 0 ; 0 ; 0 ; 0 ; 0.00847458 ; 0 ; 0 ; 0
universitaire bn:00079152n ; 0 ; 0 ; 0 ; 0 ; 0 ; 0.00847458 ; 0 ; 0 ; 0
économie bn:00029676n ; 0 ; 0 ; 0 ; 0 ; 0 ; 0.00847458 ; 0 ; 0 ; 0
histoire bn:00044268n ; 0 ; 0 ; 0 ; 0 ; 0 ; 0.00847458 ; 0 ; 0 ; 0
maître de conférence bn:14504106n ; 0 ; 0 ; 0 ; 0 ; 0 ; 0.00847458 ; 0 ; 0 ; 0
moins bn:00116104r ; 0 ; 0 ; 0 ; 0 ; 0 ; 0.00847458 ; 0 ; 0 ; 0
pédagogique bn:00108383a ; 0 ; 0 ; 0 ; 0 ; 0 ; 0.00847458 ; 0 ; 0 ; 0
titulaires bn:14132983n ; 0 ; 0 ; 0 ; 0 ; 0 ; 0.00847458 ; 0 ; 0 ; 0
cm bn:00017163n ; 0 ; 0 ; 0 ; 0 ; 0 ; 0.00847458 ; 0 ; 0 ; 0
travaux dirigés bn:04778693n ; 0 ; 0 ; 0 ; 0 ; 0 ; 0.00847458 ; 0 ; 0 ; 0
parler bn:00090283v ; 0 ; 0 ; 0 ; 0 ; 0 ; 0.00847458 ; 0 ; 0 ; 0
obliger bn:00083496v ; 0 ; 0 ; 0 ; 0 ; 0 ; 0.00847458 ; 0 ; 0 ; 0
philosophie bn:00061984n ; 0 ; 0 ; 0 ; 0 ; 0 ; 0.00847458 ; 0 ; 0 ; 0
bac bn:00044028n ; 0 ; 0 ; 0 ; 0 ; 0 ; 0.00847458 ; 0 ; 0 ; 0
chargé bn:14456945n ; 0 ; 0 ; 0 ; 0 ; 0 ; 0.0168067 ; 0 ; 0.0224719 ; 0
chargé de cours bn:16339539n ; 0 ; 0 ; 0 ; 0 ; 0 ; 0.00847458 ; 0 ; 0 ; 0
criminelles bn:00100650a ; 0 ; 0 ; 0 ; 0 ; 0 ; 0.00847458 ; 0 ; 0 ; 0
institutions bn:00046954n ; 0 ; 0 ; 0 ; 0 ; 0 ; 0.00847458 ; 0 ; 0 ; 0
politique bn:00108759a ; 0 ; 0 ; 0 ; 0 ; 0 ; 0.00847458 ; 0 ; 0 ; 0
littérature bn:00051538n ; 0 ; 0 ; 0 ; 0 ; 0 ; 0.00847458 ; 0 ; 0 ; 0
littérature germaniques bn:00434180n ; 0 ; 0 ; 0 ; 0 ; 0 ; 0.00847458 ; 0 ; 0 ; 0
romanes bn:00105767a ; 0 ; 0 ; 0 ; 0 ; 0 ; 0.00847458 ; 0 ; 0 ; 0
littérature arabes bn:03227656n ; 0 ; 0 ; 0 ; 0 ; 0 ; 0.00847458 ; 0 ; 0 ; 0
psychologie bn:00065026n ; 0 ; 0 ; 0 ; 0 ; 0 ; 0.00847458 ; 0 ; 0 ; 0
psychologie clinique bn:00019826n ; 0 ; 0 ; 0 ; 0 ; 0 ; 0.00847458 ; 0 ; 0 ; 0
psychologie sociale bn:00072543n ; 0 ; 0 ; 0 ; 0 ; 0 ; 0.00847458 ; 0 ; 0 ; 0
arts bn:00005927n ; 0 ; 0 ; 0 ; 0 ; 0 ; 0.00847458 ; 0 ; 0 ; 0
musique bn:00056443n ; 0 ; 0 ; 0 ; 0 ; 0 ; 0.00847458 ; 0 ; 0 ; 0
musicologie bn:00056479n ; 0 ; 0 ; 0 ; 0 ; 0 ; 0.00847458 ; 0 ; 0 ; 0
anthropologie bn:00004584n ; 0 ; 0 ; 0 ; 0 ; 0 ; 0.00847458 ; 0 ; 0 ; 0
éthnologie bn:00031731n ; 0 ; 0 ; 0 ; 0 ; 0 ; 0.00847458 ; 0 ; 0 ; 0
préhistoire bn:00064143n ; 0 ; 0 ; 0 ; 0 ; 0 ; 0.00847458 ; 0 ; 0 ; 0
civilisation bn:00019384n ; 0 ; 0 ; 0 ; 0 ; 0 ; 0.00847458 ; 0 ; 0 ; 0
archéologie bn:00005391n ; 0 ; 0 ; 0 ; 0 ; 0 ; 0.00847458 ; 0 ; 0 ; 0
contemporain bn:00100361a ; 0 ; 0 ; 0 ; 0 ; 0 ; 0.00847458 ; 0 ; 0 ; 0
géographie bn:00040163n ; 0 ; 0 ; 0 ; 0 ; 0 ; 0.00847458 ; 0 ; 0 ; 0
géographie physique bn:00062165n ; 0 ; 0 ; 0 ; 0 ; 0 ; 0.00847458 ; 0 ; 0 ; 0
espace bn:00046665n ; 0 ; 0 ; 0 ; 0 ; 0 ; 0.00847458 ; 0 ; 0 ; 0
mathématiques bn:00053823n ; 0 ; 0 ; 0 ; 0 ; 0 ; 0.00847458 ; 0 ; 0 ; 0
constituants bn:00100333a ; 0 ; 0 ; 0 ; 0 ; 0 ; 0.00847458 ; 0 ; 0 ; 0
chimie théorique bn:02502041n ; 0 ; 0 ; 0 ; 0 ; 0 ; 0.00847458 ; 0 ; 0 ; 0
chimie organique bn:00059474n ; 0 ; 0 ; 0 ; 0 ; 0 ; 0.00847458 ; 0 ; 0 ; 0
astronomie bn:00006663n ; 0 ; 0 ; 0 ; 0 ; 0 ; 0.00847458 ; 0 ; 0 ; 0
océanographie bn:00058585n ; 0 ; 0 ; 0 ; 0 ; 0 ; 0.00847458 ; 0 ; 0 ; 0
océanographie physique bn:03107326n ; 0 ; 0 ; 0 ; 0 ; 0 ; 0.00847458 ; 0 ; 0 ; 0
physique bn:00056996n ; 0 ; 0 ; 0 ; 0 ; 0 ; 0.00847458 ; 0 ; 0 ; 0
pharmaceutiques bn:00108518a ; 0 ; 0 ; 0 ; 0 ; 0 ; 0.00847458 ; 0 ; 0 ; 0
génie mécanique bn:00054054n ; 0 ; 0 ; 0 ; 0 ; 0 ; 0.00847458 ; 0 ; 0 ; 0
génie civil bn:00019361n ; 0 ; 0 ; 0 ; 0 ; 0 ; 0.00847458 ; 0 ; 0 ; 0
génie informatique bn:03287605n ; 0 ; 0 ; 0 ; 0 ; 0 ; 0.00847458 ; 0 ; 0 ; 0
procédés bn:03245758n ; 0 ; 0 ; 0 ; 0 ; 0 ; 0.00847458 ; 0 ; 0 ; 0
biochimie bn:00010518n ; 0 ; 0 ; 0 ; 0 ; 0 ; 0.00847458 ; 0 ; 0 ; 0
biologie bn:00010543n ; 0 ; 0 ; 0 ; 0 ; 0 ; 0.00847458 ; 0 ; 0 ; 0
biologie moléculaire bn:00055560n ; 0 ; 0 ; 0 ; 0 ; 0 ; 0.00847458 ; 0 ; 0 ; 0
moléculaire bn:00106855a ; 0 ; 0 ; 0 ; 0 ; 0 ; 0.00847458 ; 0 ; 0 ; 0
biologie cellulaire bn:00024908n ; 0 ; 0 ; 0 ; 0 ; 0 ; 0.00847458 ; 0 ; 0 ; 0
physiologie bn:00062182n ; 0 ; 0 ; 0 ; 0 ; 0 ; 0.00847458 ; 0 ; 0 ; 0
population bn:00063596n ; 0 ; 0 ; 0 ; 0 ; 0 ; 0.00847458 ; 0 ; 0 ; 0
écologie bn:00010564n ; 0 ; 0 ; 0 ; 0 ; 0 ; 0.00847458 ; 0 ; 0 ; 0
éducation bn:00026980n ; 0 ; 0 ; 0 ; 0 ; 0 ; 0.00847458 ; 0 ; 0 ; 0
epistémologie bn:00031237n ; 0 ; 0 ; 0 ; 0 ; 0 ; 0.00847458 ; 0 ; 0 ; 0
cultures bn:01187943n ; 0 ; 0 ; 0 ; 0 ; 0 ; 0.00847458 ; 0 ; 0 ; 0
activité physiques bn:00032203n ; 0 ; 0 ; 0 ; 0 ; 0 ; 0.00847458 ; 0 ; 0 ; 0
théologie bn:00076827n ; 0 ; 0 ; 0 ; 0 ; 0 ; 0.00847458 ; 0 ; 0 ; 0
théologie catholique bn:00848908n ; 0 ; 0 ; 0 ; 0 ; 0 ; 0.00847458 ; 0 ; 0 ; 0
approche bn:00005141n ; 0 ; 0 ; 0 ; 0 ; 0 ; 0.00847458 ; 0 ; 0 ; 0
vinyl bn:00080027n ; 0 ; 0 ; 0 ; 0 ; 0 ; 0.00847458 ; 0 ; 0 ; 0
l’album bn:15350182n ; 0 ; 0 ; 0 ; 0 ; 0 ; 0.00847458 ; 0 ; 0 ; 0
ailleurs bn:00115192r ; 0 ; 0 ; 0 ; 0 ; 0 ; 0.00847458 ; 0 ; 0 ; 0
problème bn:00048242n ; 0 ; 0 ; 0 ; 0 ; 0 ; 0.00847458 ; 0 ; 0 ; 0
recherche bn:00067280n ; 0 ; 0 ; 0 ; 0 ; 0 ; 0.00847458 ; 0 ; 0 ; 0
là bn:00117260r ; 0 ; 0 ; 0 ; 0 ; 0 ; 0.00847458 ; 0 ; 0 ; 0
centrale bn:00063961n ; 0 ; 0 ; 0 ; 0 ; 0 ; 0.00847458 ; 0 ; 0 ; 0
intitulé bn:00043268n ; 0 ; 0 ; 0 ; 0 ; 0 ; 0.00847458 ; 0 ; 0 ; 0
rock bn:00068049n ; 0 ; 0 ; 0 ; 0 ; 0 ; 0.00847458 ; 0 ; 0 ; 0
pénétration bn:00053473n ; 0 ; 0 ; 0 ; 0 ; 0 ; 0.00847458 ; 0 ; 0 ; 0
date de sortie bn:02421166n ; 0 ; 0 ; 0 ; 0 ; 0 ; 0.00847458 ; 0 ; 0 ; 0
figurer bn:00014691n ; 0 ; 0 ; 0 ; 0 ; 0 ; 0.00847458 ; 0 ; 0 ; 0
bureau bn:00001961n ; 0 ; 0 ; 0 ; 0 ; 0 ; 0.00847458 ; 0 ; 0 ; 0
compte en banque bn:00008374n ; 0 ; 0 ; 0 ; 0 ; 0 ; 0.00847458 ; 0 ; 0 ; 0
numéro isbn bn:00706122n ; 0 ; 0 ; 0 ; 0 ; 0 ; 0.00847458 ; 0 ; 0 ; 0
axiome bn:00007529n ; 0 ; 0 ; 0 ; 0 ; 0 ; 0.00847458 ; 0 ; 0 ; 0
residents bn:02413054n ; 0 ; 0 ; 0 ; 0 ; 0 ; 0.00847458 ; 0 ; 0 ; 0
rolling stones bn:02456824n ; 0 ; 0 ; 0 ; 0 ; 0 ; 0.00847458 ; 0 ; 0 ; 0
mick jagger bn:00047889n ; 0 ; 0 ; 0 ; 0 ; 0 ; 0.00847458 ; 0 ; 0 ; 0
keith richard bn:00801879n ; 0 ; 0 ; 0 ; 0 ; 0 ; 0.00847458 ; 0 ; 0 ; 0
john lennon bn:00048320n ; 0 ; 0 ; 0 ; 0 ; 0 ; 0.00847458 ; 0 ; 0 ; 0
futur bn:00036941n ; 0 ; 0 ; 0 ; 0 ; 0 ; 0.00847458 ; 0 ; 0 ; 0
code barre bn:00008480n ; 0 ; 0 ; 0 ; 0 ; 0 ; 0.00847458 ; 0 ; 0 ; 0
compositeur bn:00021397n ; 0 ; 0 ; 0 ; 0 ; 0 ; 0.00847458 ; 0 ; 0 ; 0
song bn:00072798n ; 0 ; 0 ; 0 ; 0 ; 0 ; 0.00847458 ; 0 ; 0 ; 0
varier bn:00082554v ; 0 ; 0 ; 0 ; 0 ; 0 ; 0.00847458 ; 0 ; 0 ; 0
velvet underground bn:01244350n ; 0 ; 0 ; 0 ; 0 ; 0 ; 0.00847458 ; 0 ; 0 ; 0
terry riley bn:02491941n ; 0 ; 0 ; 0 ; 0 ; 0 ; 0.00847458 ; 0 ; 0 ; 0
probabilité bn:00017624n ; 0 ; 0 ; 0 ; 0 ; 0 ; 0.00847458 ; 0 ; 0 ; 0
mémoriser bn:00085506v ; 0 ; 0 ; 0 ; 0 ; 0 ; 0.00847458 ; 0 ; 0 ; 0
conceptuel bn:00100194a ; 0 ; 0 ; 0 ; 0 ; 0 ; 0.00847458 ; 0 ; 0 ; 0
numero bn:15898115n ; 0 ; 0 ; 0 ; 0 ; 0 ; 0.00847458 ; 0 ; 0 ; 0
facilité bn:00032642n ; 0 ; 0 ; 0 ; 0 ; 0 ; 0.00847458 ; 0 ; 0 ; 0
alternative bn:00096899a ; 0 ; 0 ; 0 ; 0 ; 0 ; 0.00847458 ; 0 ; 0 ; 0
quanta bn:00065554n ; 0 ; 0 ; 0 ; 0 ; 0 ; 0.00847458 ; 0 ; 0 ; 0
intermédiaire bn:00105288a ; 0 ; 0 ; 0 ; 0 ; 0 ; 0.00847458 ; 0 ; 0 ; 0
associatif bn:00097619a ; 0 ; 0 ; 0 ; 0 ; 0 ; 0.00847458 ; 0 ; 0 ; 0
ébauche bn:00059783n ; 0 ; 0 ; 0 ; 0 ; 0 ; 0.00847458 ; 0 ; 0 ; 0
conception de site web bn:02763125n ; 0 ; 0 ; 0 ; 0 ; 0 ; 0 ; 0.0121951 ; 0 ; 0
formulaire web bn:14352118n ; 0 ; 0 ; 0 ; 0 ; 0 ; 0 ; 0.0121951 ; 0 ; 0
envoyé bn:00030563n ; 0 ; 0 ; 0 ; 0 ; 0 ; 0 ; 0.0121951 ; 0 ; 0
inutile bn:00113457a ; 0 ; 0 ; 0 ; 0 ; 0 ; 0 ; 0.0121951 ; 0 ; 0
age bn:02104510n ; 0 ; 0 ; 0 ; 0 ; 0 ; 0 ; 0.0121951 ; 0 ; 0
marie bn:00090675v ; 0 ; 0 ; 0 ; 0 ; 0 ; 0 ; 0.0121951 ; 0 ; 0
super bn:17336345n ; 0 ; 0 ; 0 ; 0 ; 0 ; 0 ; 0.0121951 ; 0 ; 0
italie bn:00047705n ; 0 ; 0 ; 0 ; 0 ; 0 ; 0 ; 0.0121951 ; 0 ; 0
stocker bn:00094400v ; 0 ; 0 ; 0 ; 0 ; 0 ; 0 ; 0.0121951 ; 0 ; 0
oublier bn:00084302v ; 0 ; 0 ; 0 ; 0 ; 0 ; 0 ; 0.0121951 ; 0 ; 0
provenance bn:00010687n ; 0 ; 0 ; 0 ; 0 ; 0 ; 0 ; 0.0121951 ; 0 ; 0
attribution bn:00063814n ; 0 ; 0 ; 0 ; 0 ; 0 ; 0 ; 0.0121951 ; 0 ; 0
visite bn:00080112n ; 0 ; 0 ; 0 ; 0 ; 0 ; 0 ; 0.0121951 ; 0 ; 0
associa bn:00085315v ; 0 ; 0 ; 0 ; 0 ; 0 ; 0 ; 0 ; 0.0113636 ; 0
opéra bn:00059107n ; 0 ; 0 ; 0 ; 0 ; 0 ; 0 ; 0 ; 0.0113636 ; 0
champ bn:00034274n ; 0 ; 0 ; 0 ; 0 ; 0 ; 0 ; 0 ; 0.0113636 ; 0
man bn:15327088n ; 0 ; 0 ; 0 ; 0 ; 0 ; 0 ; 0 ; 0.0113636 ; 0
femme bn:00001530n ; 0 ; 0 ; 0 ; 0 ; 0 ; 0 ; 0 ; 0.0224719 ; 0.015625
diagramme bn:00026817n ; 0 ; 0 ; 0 ; 0 ; 0 ; 0 ; 0 ; 0.0113636 ; 0
prix unitaire bn:00587816n ; 0 ; 0 ; 0 ; 0 ; 0 ; 0 ; 0 ; 0.0113636 ; 0
ar bn:03237564n ; 0 ; 0 ; 0 ; 0 ; 0 ; 0 ; 0 ; 0.0113636 ; 0
agit bn:00082285v ; 0 ; 0 ; 0 ; 0 ; 0 ; 0 ; 0 ; 0.0113636 ; 0
indépendante bn:00104929a ; 0 ; 0 ; 0 ; 0 ; 0 ; 0 ; 0 ; 0.0113636 ; 0
uml bn:02571962n ; 0 ; 0 ; 0 ; 0 ; 0 ; 0 ; 0 ; 0.0113636 ; 0
page bn:00091387v ; 0 ; 0 ; 0 ; 0 ; 0 ; 0 ; 0 ; 0.0113636 ; 0
ici bn:00116504r ; 0 ; 0 ; 0 ; 0 ; 0 ; 0 ; 0 ; 0.0113636 ; 0
nouvelle ligne bn:00051314n ; 0 ; 0 ; 0 ; 0 ; 0 ; 0 ; 0 ; 0.0113636 ; 0
tim bn:14744972n ; 0 ; 0 ; 0 ; 0 ; 0 ; 0 ; 0 ; 0 ; 0.00787402
tim berners-lee bn:02359969n ; 0 ; 0 ; 0 ; 0 ; 0 ; 0 ; 0 ; 0 ; 0.00787402
messagerie instantanée bn:03364059n ; 0 ; 0 ; 0 ; 0 ; 0 ; 0 ; 0 ; 0 ; 0.00787402
wikipédia bn:03288118n ; 0 ; 0 ; 0 ; 0 ; 0 ; 0 ; 0 ; 0 ; 0.00787402
editeur de texte bn:00076736n ; 0 ; 0 ; 0 ; 0 ; 0 ; 0 ; 0 ; 0 ; 0.00787402
styler bn:00042550n ; 0 ; 0 ; 0 ; 0 ; 0 ; 0 ; 0 ; 0 ; 0.00787402
variable de type bn:02158332n ; 0 ; 0 ; 0 ; 0 ; 0 ; 0 ; 0 ; 0 ; 0.00787402
base 10 bn:00025700n ; 0 ; 0 ; 0 ; 0 ; 0 ; 0 ; 0 ; 0 ; 0.00787402
sizeof bn:03205994n ; 0 ; 0 ; 0 ; 0 ; 0 ; 0 ; 0 ; 0 ; 0.00787402
accepter bn:00082204v ; 0 ; 0 ; 0 ; 0 ; 0 ; 0 ; 0 ; 0 ; 0.00787402
cappuccino bn:01189604n ; 0 ; 0 ; 0 ; 0 ; 0 ; 0 ; 0 ; 0 ; 0.00787402
erreur de programmation bn:00064654n ; 0 ; 0 ; 0 ; 0 ; 0 ; 0 ; 0 ; 0 ; 0.00787402
nombre premier bn:00064389n ; 0 ; 0 ; 0 ; 0 ; 0 ; 0 ; 0 ; 0 ; 0.00787402
confidentiel bn:00100230a ; 0 ; 0 ; 0 ; 0 ; 0 ; 0 ; 0 ; 0 ; 0.00787402
adresse ip bn:00706454n ; 0 ; 0 ; 0 ; 0 ; 0 ; 0 ; 0 ; 0 ; 0.00787402
infinité bn:00012426n ; 0 ; 0 ; 0 ; 0 ; 0 ; 0 ; 0 ; 0 ; 0.00787402
seconde bn:00068672n ; 0 ; 0 ; 0 ; 0 ; 0 ; 0 ; 0 ; 0 ; 0.00787402
visible bn:00110277a ; 0 ; 0 ; 0 ; 0 ; 0 ; 0 ; 0 ; 0 ; 0.00787402
classe type bn:03004615n ; 0 ; 0 ; 0 ; 0 ; 0 ; 0 ; 0 ; 0 ; 0.00787402
concept bn:00021547n ; 0 ; 0 ; 0 ; 0 ; 0 ; 0 ; 0 ; 0 ; 0.00787402
réutilisation bn:02823226n ; 0 ; 0 ; 0 ; 0 ; 0 ; 0 ; 0 ; 0 ; 0.00787402
hériter bn:00043823n ; 0 ; 0 ; 0 ; 0 ; 0 ; 0 ; 0 ; 0 ; 0.00787402
intrinsèque bn:00105350a ; 0 ; 0 ; 0 ; 0 ; 0 ; 0 ; 0 ; 0 ; 0.00787402
encapsulation bn:01505556n ; 0 ; 0 ; 0 ; 0 ; 0 ; 0 ; 0 ; 0 ; 0.00787402
mère bn:00034027n ; 0 ; 0 ; 0 ; 0 ; 0 ; 0 ; 0 ; 0 ; 0.00787402
logiciel système bn:00075772n ; 0 ; 0 ; 0 ; 0 ; 0 ; 0 ; 0 ; 0 ; 0.00787402
complexité bn:00021383n ; 0 ; 0 ; 0 ; 0 ; 0 ; 0 ; 0 ; 0 ; 0.00787402
mariadb bn:01841320n ; 0 ; 0 ; 0 ; 0 ; 0 ; 0 ; 0 ; 0 ; 0.00787402
modèle relationnel bn:01978816n ; 0 ; 0 ; 0 ; 0 ; 0 ; 0 ; 0 ; 0 ; 0.00787402
ingres bn:03724918n ; 0 ; 0 ; 0 ; 0 ; 0 ; 0 ; 0 ; 0 ; 0.00787402
hsqldb bn:00229377n ; 0 ; 0 ; 0 ; 0 ; 0 ; 0 ; 0 ; 0 ; 0.00787402
oracle database bn:02591895n ; 0 ; 0 ; 0 ; 0 ; 0 ; 0 ; 0 ; 0 ; 0.00787402
db2 bn:00637255n ; 0 ; 0 ; 0 ; 0 ; 0 ; 0 ; 0 ; 0 ; 0.00787402
maxdb bn:00244294n ; 0 ; 0 ; 0 ; 0 ; 0 ; 0 ; 0 ; 0 ; 0.00787402
sybase bn:01257629n ; 0 ; 0 ; 0 ; 0 ; 0 ; 0 ; 0 ; 0 ; 0.00787402
zodb bn:02283783n ; 0 ; 0 ; 0 ; 0 ; 0 ; 0 ; 0 ; 0 ; 0.00787402
db4o bn:01389836n ; 0 ; 0 ; 0 ; 0 ; 0 ; 0 ; 0 ; 0 ; 0.00787402
berkeley db bn:03239968n ; 0 ; 0 ; 0 ; 0 ; 0 ; 0 ; 0 ; 0 ; 0.00787402
nosql bn:01727553n ; 0 ; 0 ; 0 ; 0 ; 0 ; 0 ; 0 ; 0 ; 0.00787402
cassandra bn:01090316n ; 0 ; 0 ; 0 ; 0 ; 0 ; 0 ; 0 ; 0 ; 0.00787402
bigtable bn:03415846n ; 0 ; 0 ; 0 ; 0 ; 0 ; 0 ; 0 ; 0 ; 0.00787402
couchdb bn:00542118n ; 0 ; 0 ; 0 ; 0 ; 0 ; 0 ; 0 ; 0 ; 0.00787402
hbase bn:14809379n ; 0 ; 0 ; 0 ; 0 ; 0 ; 0 ; 0 ; 0 ; 0.00787402
leveldb bn:02609794n ; 0 ; 0 ; 0 ; 0 ; 0 ; 0 ; 0 ; 0 ; 0.00787402
libérer bn:00090300v ; 0 ; 0 ; 0 ; 0 ; 0 ; 0 ; 0 ; 0 ; 0.00787402
example.com bn:00329278n ; 0 ; 0 ; 0 ; 0 ; 0 ; 0 ; 0 ; 0 ; 0.00787402
aller bn:00040833n ; 0 ; 0 ; 0 ; 0 ; 0 ; 0 ; 0 ; 0 ; 0.00787402
isolation bn:02609561n ; 0 ; 0 ; 0 ; 0 ; 0 ; 0 ; 0 ; 0 ; 0.00787402
durabilité bn:01803600n ; 0 ; 0 ; 0 ; 0 ; 0 ; 0 ; 0 ; 0 ; 0.00787402
électricité bn:00030192n ; 0 ; 0 ; 0 ; 0 ; 0 ; 0 ; 0 ; 0 ; 0.00787402
verrou bn:01788633n ; 0 ; 0 ; 0 ; 0 ; 0 ; 0 ; 0 ; 0 ; 0.00787402
panne bn:00059753n ; 0 ; 0 ; 0 ; 0 ; 0 ; 0 ; 0 ; 0 ; 0.00787402
gérer bn:00084527v ; 0 ; 0 ; 0 ; 0 ; 0 ; 0 ; 0 ; 0 ; 0.00787402
populaire bn:00108807a ; 0 ; 0 ; 0 ; 0 ; 0 ; 0 ; 0 ; 0 ; 0.00787402
ouvrir bn:00084089v ; 0 ; 0 ; 0 ; 0 ; 0 ; 0 ; 0 ; 0 ; 0.00787402
supporter bn:00083226v ; 0 ; 0 ; 0 ; 0 ; 0 ; 0 ; 0 ; 0 ; 0.00787402
cours en ligne bn:03617678n ; 0 ; 0 ; 0 ; 0 ; 0 ; 0 ; 0 ; 0 ; 0.00787402
